<?xml version="1.0" encoding="UTF-8"?>
<addOn>
  <identifier>bbc1ae12-5a60-443d-b118-85670449ba25</identifier>
  <displayType>Collection</displayType>
  <translatedDisplayType>
    <en_US>Collection</en_US>
    <es_ES>Collection</es_ES>
    <es_MX>Collection</es_MX>
    <ja_JP>コレクション</ja_JP>
    <ko_KR>컬렉션</ko_KR>
    <zh_CN>集合</zh_CN>
  </translatedDisplayType>
  <name>Curvature Filter</name>
  <author>Yuanhao Gong</author>
  <version>3.9.9.7</version>
  <downloadUrl>https://www.mathworks.com/matlabcentral/mlc-downloads/downloads/submissions/52452/versions/32/download/zip?src=addons_ml_desktop_install&amp;profile_id=32239625&amp;license=621625&amp;release_family=R2021b</downloadUrl>
  <licenseUrl>https://addons.mathworks.com/registry/v1/bbc1ae12-5a60-443d-b118-85670449ba25/3.9.9.7/-/license</licenseUrl>
  <previewImageUrl>https://www.mathworks.com/responsive_image/160/120/0/0/0/cache/matlabcentral/mlc-downloads/downloads/submissions/52452/versions/32/screenshot.png</previewImageUrl>
  <releaseNotesUrl>https://www.mathworks.com/add-ons/bbc1ae12-5a60-443d-b118-85670449ba25/2bdc6252-50f8-9f62-0b0a-ec4d8744ee8c/releaseNotes</releaseNotesUrl>
  <installationFolder>Collections</installationFolder>
</addOn>
