10102030001,14.0881975932724,0.572776510356186,0.359381055859444,3.42885032304507e-12,0.00691714480696728,0.936479533998647,4.99943430341516
10102030009,12.1918882187361,0.600293625144617,0.474358064179128,0.00093764022949385,0.042273266347568,0.934850853649079,4.98617744353166
10102030017,15.3988126739514,0.605464379038282,0.665065999988759,0.000156141727305463,0.051914422538603,0.936226943647218,4.99037101437857
10102030025,15.3364522668476,0.598055355402708,0.653514457894749,7.13881075933212e-05,0.0472409135187154,0.938662675223535,4.98029088104863
10102030033,15.2993163419303,0.609621272659739,0.630614404409666,0.000122763182751367,0.0496610196096917,0.938188130231845,4.99649836223893
10102030041,15.1075875143856,0.589103896586056,0.604201196078158,6.94199167917979e-05,0.0434084105475483,0.937677073343709,4.98376030562811
10102030049,14.8212462172389,0.584276053900228,0.653140019665358,6.59559497093936e-05,0.041632066929907,0.935157533844319,4.99548372742243
10102030057,15.1046727117937,0.573888549224982,0.726859404334891,0.000175062269806821,0.0511204507601608,0.934180657743988,4.99528775498151
10102030065,14.3223749717937,0.547267816955787,0.668067539417403,9.85070966231029e-05,0.0413277095913129,0.93535570194004,4.99867911021209
10102030073,14.0928856979645,0.52929057886575,0.754955656590383,9.8056989186637e-05,0.0387964641644285,0.930920022608743,4.99571039224423
10102030081,13.6668725990442,0.550199027224664,0.747688603598631,0.000849001390673391,0.056362296895919,0.931714608822187,4.99874436120461
10102030089,14.0871296782885,0.629809446824807,0.903561802211718,0.0213374608323832,0.133044434715604,0.935363557800083,4.99849498389351
10102030097,12.9760527774398,0.546750742598156,0.911264522277265,0.0170158174304033,0.088866437594318,0.920681887478054,4.93474278769171
10102030105,12.6619148869523,0.56524190597434,0.910265894250036,0.01976647904164,0.0914939093433958,0.922875073348728,4.99205068857246
10102030113,13.0060479254065,0.537180857843575,0.952489149094034,0.0269994750399318,0.0991140165188511,0.919934486268064,4.87044585628855
10102030121,13.2588297339476,0.487919870744622,0.946850244551766,0.0344860291525188,0.107355772418825,0.923191315580502,4.93022988978596
10102030129,13.9490950235141,0.575488561576275,0.980460045655484,0.0755229634868019,0.161129335427335,0.929827010768653,4.97146430819957
10102030137,14.245111993289,0.544302391269297,0.980678122827281,0.0936352000715843,0.175483619762321,0.935213990714355,4.94719736183091
10102030145,16.2194936483112,0.634791662176971,0.986338988558072,0.222840578795706,0.295697923056759,0.946385476351123,4.70417225067388
10102030153,13.6338682145584,0.74490636122634,0.520045231093936,0.00694013844959377,0.12289291989606,0.948586712335897,4.99557793917993
10102030161,13.2459974716538,0.739875757075603,0.442043977404417,0.00376910405680045,0.101028538006374,0.945499852996974,4.99638324642526
10102030169,13.8362606506525,0.701686655000973,0.538758731805593,0.00605350259938276,0.117684414464496,0.943126542565228,4.9575717105881
10102030177,13.7037322821364,0.713048279480274,0.462732313524036,0.00629485262676588,0.115300363838246,0.945938090022153,4.93547130328804
10102030185,13.9347613416141,0.728910458643967,0.381642996137704,0.00950503934047044,0.12488952007213,0.945286143076794,4.9860076888883
10102030193,13.5122128607014,0.692785978440295,0.371567831287148,0.00721634442778855,0.112258159236962,0.943159553636228,4.98296443556989
10102030201,13.9806685714737,0.692146259421576,0.341892867694457,0.00436855535036446,0.107491340563654,0.94236261835735,4.95823180482933
10102030209,13.8610978121328,0.672168993895911,0.329334209848794,0.0107228921031018,0.117790387068588,0.940550900861328,4.97902487516526
10102030217,13.7760758784991,0.68445077135361,0.429817947820119,0.00624598086676622,0.102327547601331,0.938371060398235,4.99725009188364
10102030225,13.4477488730122,0.651342444656807,0.500763998113901,0.0136306564545449,0.113839520779641,0.934989667581591,4.99283170664781
10102030233,13.5463398004896,0.667289131054637,0.572219514464757,0.010487592652324,0.103799271838329,0.938939260903656,4.99604458351143
10102030241,13.7559364690085,0.642722534144842,0.694587014511328,0.0296174818185976,0.129254077401892,0.934810840502606,4.98466253579471
10102030249,13.4344576449499,0.618533481917114,0.712930817007393,0.0133401146376253,0.0995249128152842,0.931988372872487,4.99836204661181
10102030257,14.0017615337893,0.593279786499763,0.849636424598815,0.02033318810667,0.107382137652203,0.930697076226209,4.99315354681499
10102030265,14.5101161722124,0.565316539234444,0.94360958047854,0.0266688690228268,0.114981685849894,0.927043923076508,4.99369547730779
10102030273,14.7021887878723,0.571355070658907,0.971533388250664,0.0381467816460307,0.124256472137726,0.926908231194229,4.98934674347292
10102030281,14.3250557557408,0.570092224964469,0.984828517676364,0.0381589644421534,0.123250814014539,0.925780311565921,4.9970432309772
10102030289,14.4656236234004,0.581401107912302,0.99088813547141,0.0613065435394705,0.147392900823577,0.926031143922712,4.99203630840893
10102030297,12.2034323268879,0.780456164347855,0.474785742957904,0.0874455364855772,0.348942400391978,0.960523300899931,4.99622998184994
10102030305,12.8609750781397,0.792734525469602,0.488658149369982,0.087193372429794,0.359906317985176,0.963659283646067,4.99884983133806
10102030313,13.1699825607603,0.760242519198836,0.461164090303548,0.0547840879096455,0.323041767718809,0.961980724126738,4.99840858654593
10102030321,12.8522545721377,0.791869696422585,0.414914990781895,0.106510094321653,0.371120426284713,0.965072669719588,4.99967129626755
10102030329,13.1529071857815,0.825801408305836,0.415018169231219,0.150778504708377,0.358754998986854,0.966327581332724,4.99960935754776
10102030337,13.4525162094884,0.82796190342366,0.335971959890381,0.111533214367517,0.315024709939552,0.960851701117077,4.99861710612224
10102030345,14.016923518887,0.853219194761079,0.380329775712306,0.119336196257839,0.34320338793701,0.9623127273336,4.99754289217837
10102030353,14.7175468153642,0.859052557686192,0.313868796383588,0.0799326867874698,0.296533111883006,0.959437140805441,4.9930284235526
10102030361,15.5046144736869,0.844141622376915,0.388199051159029,0.118453122173972,0.298886909226855,0.955745075726273,4.89834271711291
10102030369,11.7773743098126,0.597284107385513,0.506528053891237,0.000248865597566555,0.0410861274098448,0.938253229902309,4.99180021169832
10102030377,12.8809001444064,0.584387961942309,0.483067890861192,0.00015446397254764,0.0395121618885796,0.937120572042698,4.99475733627798
10102030385,12.9125694955194,0.599625295881543,0.41779341122256,0.000176094397321282,0.0376903841578693,0.940352805887261,4.98720085377484
10102030393,12.5309740585098,0.568823760347678,0.618586565554183,0.00061786996134527,0.0473290794994712,0.937018505768747,4.99884417883978
10102030401,13.228892448683,0.596558385556432,0.622400225083742,0.00223881427135621,0.0635279453725835,0.938656818568339,4.81084264158218
10102030409,13.3501902337568,0.583223142977824,0.582008692127426,0.00193687060426775,0.0628593782833138,0.937130377451366,4.58315067261773
10102030417,13.4601998314412,0.576396720198688,0.72145993980381,0.00543067530017616,0.0803814211434439,0.934177799962913,4.96022727729434
10102030425,13.1211108762036,0.530758216652364,0.753898886603777,0.00190216679527688,0.0547576820348697,0.933386010549197,4.97468904839005
10102030433,13.9276214458466,0.528434387293141,0.888155243704306,0.00835260620187689,0.0747083039590797,0.930699412216777,4.62460200080326
10102030441,13.4224356835066,0.547764814758364,0.850491461872322,0.00415642637234392,0.0674080872536551,0.930803468419359,4.9651406995399
10102030449,14.4278707130383,0.536086479098564,0.962863205107532,0.0164194302777202,0.0971950465872234,0.930523000263578,4.79902259641873
10102030457,15.2424890239953,0.557708941376192,0.9622501048529,0.0378574620286556,0.125371735281534,0.93067067882021,4.9778825669492
10102030465,16.5829719802127,0.582838531318275,0.960334755643134,0.0763559484842994,0.173931968863257,0.934071849787563,4.90836735959571
10102030473,17.4255131488972,0.645361539061344,0.966181944915902,0.108502877772925,0.232361491224064,0.938983059443141,4.90057319856511
10102030481,14.1459460297776,0.546406881939367,0.979416470330912,0.0355341875312358,0.114666948702934,0.927909863567473,4.98019186640792
10102030489,13.8804198533533,0.545668429207376,0.98080861950429,0.0376809133147168,0.115983519285779,0.926175123761432,4.97460475719807
10102030497,14.1694974107073,0.549884002841889,0.979874118384079,0.0375549715852915,0.118447205040036,0.928798456202182,4.97391853963738
10102030505,14.1127179519314,0.549039614518336,0.981741207910682,0.0371197042795089,0.120361368450724,0.926465145213461,4.98017278661056
10102030513,13.5849979015245,0.543399349509968,0.983718314775258,0.0335109504489583,0.110826317425036,0.925202302404837,4.97694967441112
10102030521,14.043812780076,0.524442345903299,0.984288890040601,0.036481694575896,0.114306575006007,0.928631210343411,4.93017250794682
10102030529,15.0654559415439,0.543781027590954,0.985563574189035,0.0711990741877307,0.160578437392953,0.932572517944065,4.92421549595958
10102030537,18.5865305435245,0.591881804356935,0.940937571242762,0.169794465240925,0.290640355730048,0.944566768000903,4.88454933400588
10202030007,13.2730269967264,0.557507404966133,0.371741144572572,0.00188271509210822,0.0758647359442187,0.944796014755953,4.86909084872854
10202030015,12.0463795444944,0.56830620812405,0.535475116196296,0.00714530745149897,0.0935641764646592,0.941474633374425,4.90002215992541
10202030023,17.2714594779557,0.851500213935813,0.613315962640045,0.0159671438335611,0.216192577884704,0.959384256741655,4.99475964498862
10202030031,15.4370272911712,0.865308020676825,0.649158732165749,0.000592073615483287,0.117584288082834,0.959795240408054,4.99692791066784
10202030039,16.3422100925384,0.841478142543901,0.636759928501926,0.000124941726001072,0.0884334750768593,0.956354326781481,4.98514869236912
10202030047,16.7430109612759,0.706768028316363,0.606945347350008,3.67979739632702e-07,0.0330217884689503,0.956767827103856,4.98834484582552
10202030055,15.5277822708592,0.780261153104865,0.710958888342615,0.000449613173792316,0.0917028738454212,0.953493687403381,4.99870061084266
10202030063,16.8421207972977,0.780397427830214,0.396666682622067,4.48297673396391e-06,0.041634707598681,0.955963225941559,4.998152660489
10402030006,17.0794028462023,0.616486132552551,0.654884559618514,0.00122414947013153,0.0692425386623953,0.940030530429461,4.90692339463341
10402030014,17.2905343171924,0.624929869614253,0.965020580582315,0.0411633164731207,0.153077421662327,0.940484682483964,4.95156201010944
10502030006,20.2195234848159,0.70523415404919,0.290222155323441,2.83736703345381e-07,0.0412770025140217,0.957021084780994,4.07699568827219
10502030014,19.3506406588873,0.661479417613676,0.667898055527843,0.00157937016330948,0.145887979131556,0.948342408949295,4.99216219920084
10502030022,18.4477515876858,0.620929404541063,0.622034980280515,0.00356515811691504,0.13478985600456,0.951647555438321,4.88870999617277
10502030030,14.3748207586978,0.523396904881913,0.738724444494083,0.00258834144633915,0.0700713918476816,0.931037796174086,4.9763233130579
10502030038,19.3155763126687,0.604413792995384,0.885426501300755,0.144144128951886,0.245229104517433,0.943324427728986,4.85047396662583
10502030046,18.6864665204135,0.592560534246328,0.91873361185219,0.170776487011356,0.252009891130776,0.94347488195864,4.82665440667654
10502030054,18.7451277974556,0.623310687535112,0.962208786312279,0.24344294979962,0.316796068679701,0.950144934592241,4.76154251295104
10502030062,20.9169002401777,0.743721732799392,0.38309640258781,7.00170176692867e-07,0.0526641683646451,0.961098109255441,4.86512908337751
10502030070,20.2952118878392,0.639541235501424,0.237357656378189,1.0571808186805e-06,0.0491250964326868,0.96036638259494,4.95071920161877
10502030078,19.4537559261683,0.543899629122337,0.313623370106082,6.67230602478765e-10,0.0274374968243387,0.963130063677734,4.94374355898748
10502030086,18.7331310794633,0.492328300300942,0.322092240338328,3.1722656564132e-07,0.0433034603043296,0.959480213141522,4.93827102197794
10502030094,20.476196246272,0.564998094975174,0.472887712885928,4.76945886930441e-11,0.0337184143486003,0.962100966917338,4.99352313897526
10502030102,19.0610562651726,0.454566151150011,0.320515906087877,3.25639753572452e-07,0.0430956407523947,0.961125941805661,4.98203439066496
10502030110,18.7215016860345,0.488553473847064,0.381823395614099,3.32962302027355e-07,0.0435436256015895,0.962142072138484,4.94416791123978
10502030118,20.9018181062977,0.525261743066632,0.514099118537109,3.41549017766929e-08,0.0389521381066834,0.959888928018067,4.9977535755939
10502030126,21.0229109500029,0.674524780491065,0.465539231424457,1.16204117608056e-06,0.054505412795135,0.96296369461063,4.97594420932092
10502030134,20.9252051179223,0.715090277297003,0.410955132972607,1.05551817910455e-05,0.068240176624504,0.963604622792812,4.92988579550591
10502030142,20.5908399524166,0.746742211205664,0.405672043474336,2.04058860951197e-05,0.0739882602246263,0.963105599719451,4.55914950508532
10502030150,20.2974399096193,0.69811828731681,0.346993242050147,4.1013601666912e-08,0.037441540853735,0.964904234404851,4.51319684250016
10502030158,21.4352184642379,0.745697256428958,0.366223640758201,0.000157675390823098,0.0921002591041301,0.957563673066244,4.53672148324421
10502030166,19.3926269000708,0.684980203457438,0.435610288934215,8.85845582875678e-06,0.0566460221825612,0.954776039050501,4.69045156222378
10502030174,20.1949019027315,0.622099132681167,0.518440189652477,0.000131129310703163,0.0786202562342743,0.952238857896447,4.87191731707363
10502030182,20.3531188523476,0.590564669173854,0.567780265502259,9.25425587030004e-05,0.0625169663869503,0.95196967079493,4.58121993114965
10502030190,22.559741282072,0.724131366442863,0.490686488891529,0.00117896822056521,0.0894875467452273,0.95281045873943,4.96675723968505
10502030198,22.7877927122891,0.766164891967008,0.485535913778883,0.00658473476672537,0.140571348453793,0.954956627193795,4.98767436055611
10502030206,23.6882528225573,0.690084552349733,0.437395362941524,0.00953111546969932,0.155944680431147,0.953165038185211,4.96937223219839
10502030214,23.6900745357391,0.595447314999201,0.374047362826138,0.0671090270654593,0.254441572916434,0.953193542767879,4.99062542029121
10502030222,22.1557228869315,0.631187150095277,0.526218840715196,0.136941126099045,0.295946256434517,0.947778399701196,4.91759903146465
10502030230,23.1324583583412,0.648765353017781,0.539260047146599,0.00537878501351415,0.274346007068465,0.965940042729399,4.99610388436958
10502030238,19.6510876103515,0.69358633084686,0.54540596351562,0.00298407652449417,0.192144275771133,0.96103069535956,4.9950075337342
10502030246,15.2769357169628,0.791067001804113,0.42458874073934,0.00270510952618504,0.140458350854807,0.953956737684997,4.99941277501098
10502030254,14.7514411971908,0.744963312935835,0.51835358025302,0.000364152140151466,0.0611336243016213,0.951741227126988,4.9991128939483
10502030262,14.8204906659376,0.76983407722108,0.463479090638461,0.000186828459040419,0.0708113677994072,0.953434095683331,4.99938694004046
10502030270,14.5920340365163,0.718241749940861,0.493810141692857,5.25896356187814e-06,0.0299530378853938,0.950860634174209,4.99446496037277
10502030278,15.9050652575026,0.762341390659778,0.511857991007691,0.00736879064789024,0.18379252140025,0.955646895952148,4.99259488170274
10502030286,16.8869314082323,0.790328795504226,0.532955135036237,0.0280076566255957,0.269171453168503,0.957984412650653,4.95971508914273
10502030294,16.1871037188493,0.748976562553973,0.572175904386527,0.0147124859806497,0.224585195865475,0.952574205136447,4.9939494819532
10502030302,16.5407530469598,0.719931764308718,0.476487680147051,0.00915425121362394,0.190417542312691,0.950607893673116,4.99137107385492
10502030310,16.8458793566568,0.719499775878342,0.621858328677626,0.0144688654055538,0.209610375778043,0.94846221129582,4.99225317783604
10502030318,16.8450560430931,0.662668498158853,0.713018842514897,0.0119604885778972,0.19455265385018,0.948854913216783,4.99444949706582
10502030326,16.0989133319725,0.659486846592028,0.666753887202707,0.000911505866843984,0.113093810896411,0.947312668098004,4.98461517998212
10502030334,17.6688906624175,0.684401493082367,0.758742747614672,0.0163134879202146,0.184295992639735,0.945804564559235,4.99196060697913
10502030342,18.3706156626444,0.658238456531473,0.729488953466672,0.0093072303751153,0.152865335429049,0.944485503052201,4.98878851203499
10502030350,20.2953126062255,0.709392584558829,0.822317497105963,0.0512850938257445,0.23847613584199,0.949808449433264,4.97172789677197
10502030358,21.4614363660054,0.609381978082093,0.865932908571304,0.170196574049296,0.30514437197929,0.946315192963962,4.92633883452055
10502030366,22.4620377921038,0.698880263801357,0.45573171841225,6.18581322118685e-06,0.0835547306581422,0.96196277050095,4.97481363360902
10602030002,16.4574620246801,0.58588666383522,0.800481595305555,0.0042527969399431,0.0851073721205207,0.934335433524122,4.81759454801301
10602030010,15.9453839716596,0.500057908654354,0.928456496314333,0.00310071360603361,0.0668502702191387,0.932264414077695,4.95965621661485
10602030018,16.4932721235866,0.435014705266921,0.822511203797086,0.00374842909895141,0.0721707755037358,0.928840638519686,4.98552122385095
10602030026,16.8248404562484,0.48557416541408,0.966880055293448,0.00513073388377776,0.0913112692083213,0.924217143906152,4.93197218077828
10602030034,17.2897203305245,0.511218130755239,0.955282927219005,0.0143507316608054,0.104291769472027,0.929434116147875,4.78446133793594
10602030042,18.3352834629717,0.533574567430509,0.903054372298063,0.0400964516637214,0.157935106399552,0.9346432822115,4.52528231604185
10702030006,23.4794223314476,0.647293062670822,0.429481625998727,0.000759408769418315,0.120293881673843,0.96323273834863,4.98506045036869
10702030014,24.7035418794609,0.706621277131433,0.277721171469825,0.00141830553309783,0.139662459721458,0.966360624782757,4.967093946047
10702030022,23.2809535785893,0.575193734739218,0.525895605292948,0.00928772939916922,0.283120482316607,0.967088725558501,4.96976892825383
10702030030,23.1882704854434,0.617009830173137,0.819897471108173,0.0176894968958797,0.240820669183895,0.949536620266034,4.94524323980457
10702030038,21.5487015693706,0.55842216428397,0.610735910857611,0.0118822934764636,0.146036053242882,0.946815138888116,4.97631878909251
10702030046,20.0602303870382,0.523333949165255,0.723663086371471,0.0432837382680246,0.165181743942968,0.94252675237042,4.9536050128759
10702030054,22.4615179753061,0.587423178325384,0.492871723972715,0.046543629242093,0.368494872731736,0.966380647956174,4.97594326394401
10702030062,21.1887294359647,0.636618646018772,0.559718251645334,0.0384645779401536,0.303225676280345,0.959674586657554,4.98711430469098
10702030070,21.3659857707196,0.62253828205468,0.581724235754521,0.00509083305987504,0.185311602110618,0.959602739064203,4.97835328399046
10702030078,21.3245372981245,0.576786287300525,0.556687923941953,0.00342161119107657,0.17577080187727,0.959761165096334,4.9849895810552
10702030086,20.2169502700438,0.497390383346067,0.574973949845637,0.00232080856370158,0.130445075084034,0.948931614620079,4.99144432948462
10702030094,20.2335491579869,0.520467244055569,0.738034569425001,0.00439224600054413,0.145738569772242,0.952757291918041,4.98826164357205
10702030102,20.2020030092492,0.508782424865615,0.734808397538767,0.0151494772238228,0.159832364355763,0.948984946844868,4.92770861154671
10702030110,19.1278087815504,0.444125755729453,0.705600042895197,0.00914978049884369,0.106406620822775,0.941671486847927,4.97175816813314
10702030118,17.6105217086722,0.802156087439269,0.727330187382873,0.00154730105308178,0.153175149906468,0.963339714071284,4.8075909945841
10702030126,18.0777568986144,0.797662577194155,0.630303630497791,0.0176147916165585,0.263864976476653,0.964511620622149,4.88548551915826
10702030134,18.5322636988817,0.728626374788078,0.53891744145848,0.0611626851160595,0.389573083281641,0.965385617513899,4.98581269746225
10702030142,18.8502746407765,0.782961507722778,0.571978463789585,0.032771103903797,0.318558375719953,0.961398988981782,4.97587840202592
10702030150,20.1041717297006,0.841006199382978,0.561686400279952,0.0401066053554739,0.345275075657256,0.960763713741358,4.97581082445864
10702030158,19.9343638878349,0.825131276431519,0.554676480702221,0.0422767370407211,0.326547717227452,0.961072706427911,4.88109731758357
10702030166,18.7494932018108,0.816468131147919,0.506646009759608,0.00516699948934173,0.202779852322624,0.961621120233824,4.93010818952625
10702030174,19.9234594927847,0.842092475139848,0.614266646020673,0.0229627299803079,0.283936296420314,0.962802763102316,4.93877716641823
10702030182,20.2904019419259,0.797860111226087,0.57267991583173,0.0112954834104447,0.246478242921334,0.961467516424928,4.73285502405599
10702030190,21.6788802664749,0.72161173211554,0.660779743979256,0.0239281445529919,0.296315269002573,0.961473619085353,4.89279033963303
10702030198,24.0535668732635,0.726018055870869,0.565978697355601,0.00648682403905662,0.244873271647544,0.960689690693589,4.6843030396962
10702030206,24.1766039366355,0.778189214693569,0.744761226600965,0.0367745081711795,0.333012601259135,0.959432582059811,4.79458757634482
10702030214,24.2454730476216,0.769402025944247,0.653509295982877,0.0288777147380376,0.299832092612243,0.95622116733444,4.62391194775287
10702030222,23.0721718533199,0.66323722712255,0.678461386200888,0.027262251206618,0.227949355157914,0.950379633105537,4.94175447235926
10702030230,22.7513842151155,0.559630377291456,0.698803043264414,0.03736664060262,0.238325865939665,0.949512895657484,4.98017513570622
10702030238,19.5019658677285,0.544713956477221,0.83476216159954,0.00325270394419678,0.128782522563671,0.939710422124242,4.98625232308167
10702030246,28.8465117788012,0.428335194331066,0.377872540369917,0.0976665035699389,0.514893602156961,0.96937966349012,4.90631893465559
10702030254,28.4255061662341,0.427121296261255,0.520160230417457,0.16465752217763,0.554259045416691,0.969463191584653,4.93506232441884
10702030262,27.6897823008989,0.44995357407851,0.410249222344043,0.0141113962713086,0.363248899939256,0.965224729068996,4.9213898267932
10702030270,24.6506210027668,0.607590303548246,0.641507535437046,0.00776363938516924,0.282201968448987,0.957122604635441,4.9927482133828
10702030278,22.4030846163559,0.502627523059818,0.660006013284372,0.0080602532964099,0.21422092197606,0.950945750509453,4.88245411058832
10702030286,19.7339635588274,0.489639366818862,0.818136709003011,0.00999023762202717,0.152953314881591,0.942598696270932,4.94811845917542
10702030294,15.6960513016061,0.753860358664888,0.609155046860961,0.00388720315367777,0.138976860210632,0.961255072437414,4.98914592056602
10702030302,15.3986840389095,0.695586492266701,0.620583912283623,0.00722692888871982,0.15962930745927,0.960727201738642,4.98832979213898
10702030310,15.6978370638129,0.703401295977908,0.640776995896315,0.0319369813980141,0.237333065494471,0.961507667880424,4.91819085785986
10702030318,15.7988511857572,0.692400370818476,0.65240837347246,0.022862960490334,0.239392915993403,0.957938082145225,4.95142421758559
10702030326,16.8157015511254,0.753142904309692,0.707817693394531,0.0928480798514573,0.351131559911868,0.962510041348015,4.64620402225205
10702030334,17.0646631694434,0.778900327707806,0.616070645657318,0.0677666763159727,0.328852739395028,0.961470121913758,4.95757693155814
10702030342,17.6073169996111,0.751779798858369,0.510858364529625,0.0723111238780479,0.309327678096264,0.958259445601002,4.9851797899277
10702030350,16.8520898861327,0.651830950744719,0.589162364367185,0.0449436081374362,0.224321909409631,0.952144121871755,4.97849672035218
10702030358,16.7826097836464,0.655937750812214,0.414265861372079,0.0128422480573629,0.173401819623064,0.951014232217563,4.98612027194301
10702030366,16.2778910149336,0.635230667194921,0.401087842339245,0.00135063302939542,0.0912784836408534,0.949079207916882,4.99603117847332
10702030374,16.3336361163384,0.601384570914445,0.602475229434482,0.00259083990778357,0.088757197921955,0.947151048072597,4.99192041113131
10702030382,16.3282619961419,0.601665653184329,0.805626750992733,0.000265527122194105,0.0517216485356672,0.948155368291999,4.98967484677086
10802030004,15.3288393037601,0.728896312029472,0.481609809318587,0.000642539555311647,0.0806616179029296,0.947524498065753,4.99773109559636
10802030012,15.9053032988261,0.733653573966058,0.465231034427381,0.000552358225773169,0.0795026647195595,0.945998148657281,4.99742189130418
10802030020,17.5441307332183,0.714248181362008,0.573879587885926,0.000628349524422818,0.0795080817803754,0.943077690796025,4.99726358699555
10802030028,15.5089072609339,0.622971475611623,0.533424381055309,0.000192350463026599,0.0542731002567684,0.941053155133475,4.99812270252779
10802030036,15.3542150953878,0.650246458938507,0.664228952013572,0.000292846606786545,0.0576539487896844,0.936608811866132,4.9988673659279
10802030044,14.6487257704171,0.570767201094335,0.608663461251164,0.000220039328306939,0.0515834209982596,0.935037436557738,4.98994518789299
10802030052,13.8571248060694,0.592428294455802,0.781692956461159,0.00020215395374804,0.0394636073004263,0.930569809090382,4.99837748762644
10802030060,14.7190907731238,0.592261326868794,0.789226883603449,0.00747905028708484,0.0979308260567289,0.933853558307326,4.98945014211923
10802030068,14.7990702955965,0.580041775664762,0.873865049860186,0.0207658734763507,0.115695015292785,0.934633578743377,4.93194496891743
10802030076,14.8596458352436,0.508258198014123,0.950732292437891,0.0365374611894363,0.126198697689463,0.930613963270193,4.97494974493233
10802030084,15.4226791945572,0.594814642943469,0.957381409147825,0.0920480021705657,0.184750703027633,0.936918941081292,4.85616341053758
10802030092,17.7532599823074,0.618350329625309,0.990858157652389,0.196712825734946,0.269607994885039,0.94804694540046,4.38807940534561
11002030008,16.1800306440527,0.619117452357023,0.852003535625176,0.0154438065935592,0.123929408701299,0.935475165986962,4.96762712677543
11002030016,16.4895167158394,0.574690345510076,0.951632890340075,0.0331315495444587,0.157728976278867,0.93642535158069,4.79664514862472
11002030024,13.0212460106149,0.655898812989496,0.606447715210384,0.0066524172231174,0.0985554832769362,0.939156761515278,4.812256186747
11002030032,12.8411798768589,0.616389471095869,0.460773028279699,0.00520869944865692,0.0740481679066321,0.933673258368905,4.99711976382481
11002030040,13.4605107950882,0.585197589272363,0.576276674536627,0.00355443358280024,0.0625731703743574,0.930515866690156,4.98264717327399
11002030048,13.3762907865575,0.619340077485814,0.572140400531272,0.00630520191706725,0.0905775935706573,0.936837641354363,4.89552632476934
11002030056,13.9033685351372,0.640622935430674,0.679175729756047,0.00233202109351821,0.0684316239893346,0.931829345006094,4.99708163479389
11002030064,12.9526142342742,0.601536168106576,0.571829716619388,0.00164354037373203,0.0558183454898746,0.932538838176838,4.9948424099278
11002030072,12.889355906641,0.546008474971542,0.740499574717883,0.00563537978588971,0.0679214970875163,0.933738499357575,4.62576546746573
11002030080,13.0628079002501,0.598708001373332,0.580502116040886,0.0120490048893204,0.0954554385430967,0.931984881067866,4.77104462655997
11002030088,13.5869112548955,0.612746702992577,0.758794127737867,0.0186510446979579,0.108747364689588,0.932169605857439,4.99189466275494
11002030096,13.2523003416399,0.603435698814023,0.779137767162742,0.0108849194119151,0.0904267938604285,0.930054975330577,4.84699382728097
11002030104,12.7023079198566,0.562033054719406,0.871588358560282,0.0120661253006438,0.082148593258841,0.929329868425046,4.95369069673468
11002030112,12.4388023639657,0.565221425298988,0.917181831388516,0.019547536563459,0.0968994247204801,0.926790671400438,4.92657607850645
11002030120,12.633880222278,0.570835948135136,0.900272143129869,0.0349726161703045,0.120995220747116,0.931767066277538,4.94597996065808
11002030128,13.5325365850568,0.572208656183704,0.961235479081379,0.0415542959365136,0.127719912814442,0.928413363970992,4.9579351340239
11002030136,16.5702921721832,0.657021636911748,0.989241308417121,0.144890934471612,0.244260606981838,0.942229583694685,4.90357695063248
11002030144,20.4714643599407,0.698524505907647,0.997611212017425,0.403417258167787,0.451212349844765,0.959501869391572,4.45750703440799
11002030152,16.9140292137199,0.740408871755417,0.53134162317548,1.96305385451964e-08,0.037708901267601,0.95416272233187,4.99664234470378
11002030160,15.8178790255134,0.695058541427331,0.596494051918662,0.000100533446991288,0.0641238641654235,0.947632768378982,4.99859710477348
11002030168,16.2247530527482,0.752604514706232,0.501411654605991,0.00785760056677571,0.155561025841625,0.950173719345235,4.99274682330376
11002030176,15.8601348472921,0.718052480014783,0.421977571447184,0.00336435621436404,0.119768993807203,0.947470276066013,4.99604646648856
11002030184,14.7639067252727,0.678426625524857,0.516861092581456,0.000210355684056816,0.0670628582893694,0.943927805058781,4.98651770586056
11002030192,15.3377754963755,0.669870775129105,0.548319575844279,0.0033053793048699,0.10637470859689,0.939073183932873,4.71839020344348
11002030200,14.0376531971285,0.603680848470616,0.631599834551936,0.00128581592339807,0.0632515660148126,0.935253286527603,4.98462922903697
11002030208,13.8015641749621,0.602630621133595,0.632999418696353,0.000501488715466496,0.0514041655226377,0.932654859599342,4.7893346321253
11002030216,17.9084901775433,0.752085308719926,0.734013704792325,3.44196631675334e-05,0.086477886951022,0.958429728517762,4.39359538631397
11002030224,17.5705985969289,0.748318077042132,0.710590506839788,0.000182122099175671,0.104490214928141,0.956876458922495,4.64088504811422
11002030232,17.1917970948059,0.704617029982532,0.612904733268823,0.00013296663007422,0.0974452662768167,0.956000609073082,4.67664379686076
11002030240,16.4031396947227,0.699494833732631,0.588756273272348,9.53395990486938e-06,0.0658307375901341,0.954362846357294,4.56929336931257
11002030248,16.0227604757619,0.73853594373405,0.562812151410945,1.97192081218362e-06,0.0495756641013723,0.947322540828281,4.20632880600556
11002030256,15.5719480210612,0.737801698929043,0.646259293139467,7.47488861271907e-05,0.0670393044917357,0.945765814231352,4.32973311487355
11002030264,15.3265257040635,0.682558003437899,0.553677197238186,8.42882961676927e-05,0.0561084703681596,0.942130088577666,4.39537780439801
11002030272,15.8442728048313,0.650917840027828,0.660587739888327,0.00822030135033658,0.120165939939933,0.94081608693886,4.28696287042556
11002030280,16.3258668732501,0.61608607934301,0.85679988904436,0.00954076785522574,0.120970463002252,0.94052416199666,4.97778316602906
11002030288,16.6174285083412,0.612883088293204,0.951501871488742,0.0148935689248302,0.133515267942241,0.939966021283919,4.88965471940956
11002030296,17.0889611481662,0.613872175882385,0.958023591053258,0.0317821620253646,0.164007606055334,0.937472412649507,4.98726678644714
11002030304,17.7980878886854,0.66265870526846,0.979470805606072,0.0762475672911911,0.217923451464148,0.939746912076669,4.81851145712533
11002030312,19.368616038038,0.624819884285105,0.974255839847274,0.176276207855705,0.281453604805988,0.945511515682646,4.68692957553304
11202030006,14.1291247364494,0.547127531500746,0.513225101927649,0.00107516570998347,0.0744329219989551,0.943840384118657,4.79373274367303
11202030014,14.247879160524,0.583561322457982,0.532728158979151,0.00168086603798161,0.079297721429506,0.946046949156568,4.9736170594909
11202030022,15.4060232322084,0.573310310096035,0.699302661751823,0.00249103477937222,0.10089812824491,0.944555611373242,4.84666702510846
11202030030,20.1687292595137,0.653055589093613,0.854448392235463,0.0880165077570969,0.291967038900586,0.951468081816187,4.29498434708743
11202030038,20.8617652261916,0.640891689217258,0.901944429055913,0.0975834668813123,0.289158243249132,0.945922267449616,4.87550156522239
11302030003,14.2940051325637,0.64332453958561,0.538303432153099,2.38220945762642e-07,0.032049907283886,0.950735920853217,4.98337673966692
11302030011,15.1965197024131,0.773759159528232,0.542112252885452,0.000101502920631632,0.0701519149648759,0.957652098187249,4.98367223183175
11302030019,15.7210662930974,0.818537943824283,0.507270452603724,0.00328370472008784,0.154077376856478,0.958009910232316,4.99855147308181
11302030027,14.7025594699873,0.8012112302673,0.448356532834837,0.00163139382170507,0.131355591446656,0.954605302217026,4.99881652364051
11302030035,14.2145593423953,0.750844318114917,0.553374293695207,0.000510409956197518,0.0813503493732176,0.951304158417715,4.99951712810146
11302030043,13.6718629706083,0.634604292965639,0.56206215771128,0.000432456787874115,0.0606709630702386,0.93920104982514,4.91411312907371
11302030051,13.0221739189418,0.619812746645764,0.660447464130052,0.00126790158942037,0.0742142149829987,0.936818503495223,4.96258884192784
11302030059,13.0973345534653,0.61855068587356,0.737011849461197,0.00224858329197007,0.0798064200077839,0.939564339123157,4.16859766881158
11302030067,13.0430960052877,0.544126248431217,0.627562581518667,0.00101266213267721,0.0581760650227415,0.934242859901419,4.99490683450728
11302030075,13.5360250459063,0.529464394560213,0.784936761133998,0.00876547541842543,0.0919804666845801,0.932051086247594,4.98460276878788
11302030083,14.0239502980779,0.573651127395586,0.905312993653657,0.0234837701844163,0.128110390937672,0.934814797141654,4.95625798335717
11302030091,14.4713421591178,0.605581552352443,0.940608406931314,0.0527919803132667,0.167559267771196,0.933929200040102,4.96176484870078
11302030099,16.6804413293682,0.618339098323752,0.975382532675857,0.0923225320796357,0.226731518669996,0.935239455700983,4.92965619710173
11302030107,16.8131355178079,0.539140416475828,0.990421611993622,0.129214157959966,0.218403587545958,0.936773994448457,4.58953771898723
11302030115,18.9085208182142,0.693150506979441,0.522563037878346,0.0661779343998156,0.360501927881697,0.966503306234291,4.34017358854124
11302030123,19.0957199590386,0.687757048408621,0.548162478110566,0.0827546806577928,0.379547653861683,0.963876565868181,4.9139058436377
11302030131,21.4345797888634,0.724402760439688,0.714877451737999,0.0755768043967036,0.387155788132276,0.959823033870544,4.89962907086001
11302030139,21.9981716029212,0.7455210073499,0.832602026811098,0.112091753119822,0.399417313091834,0.961178233710905,4.96870688469722
11302030147,23.8570324127197,0.76272419995303,0.936569823542724,0.172433991910294,0.480927282315236,0.958979981755387,4.91051778023738
11302030155,23.7132361106972,0.75855960099885,0.951162945407834,0.178722136518574,0.447630259009833,0.955084261785883,4.98664018005304
11302030163,24.1251115765371,0.724732838854031,0.972869194091055,0.21624721111572,0.456646608507615,0.955013025017609,4.93374141320006
11302030171,20.7955391759781,0.695786743239977,0.41034609546047,0.0403474106241977,0.371877041473591,0.970876293720792,4.98227871231964
11302030179,19.6623616928572,0.718771154192461,0.450007953009935,0.043499995118446,0.355295151947706,0.96936012226826,4.92128887560934
11302030187,19.3115192655927,0.741368550552941,0.530905463118903,0.0269252382546568,0.316329607975098,0.968495070495871,4.98154757775688
11302030195,19.6439892404458,0.779835199732888,0.659043622933019,0.0802371512569093,0.404293956482604,0.970662618682409,4.9852105883188
11302030203,19.5151191489047,0.79041458252493,0.602163845185651,0.0704608230714452,0.39007639901118,0.967561728068477,4.91553848963206
11302030211,19.7014387138679,0.729842550708312,0.741689718492498,0.0288464293738012,0.248145466022775,0.956958960057297,4.57508112626993
11302030219,19.0521220117293,0.707111175939358,0.759146700147413,0.0243468690927754,0.228359099247626,0.949448671766803,4.99113049684241
11302030227,19.4678933723405,0.697914124240855,0.85796301062469,0.0303871167273298,0.236112189450941,0.947761238709554,4.93823172310975
11302030235,18.8470055234692,0.699168940621513,0.885927546545387,0.0428259016250948,0.220792330885003,0.945479262859943,4.14630238438383
11302030243,18.7135545949586,0.680200263565512,0.984388221182396,0.104667342380814,0.262553753244519,0.93906029700413,4.78718923844136
11302030251,20.2960787605478,0.728968301449745,0.913354809759385,0.239587282911381,0.362985449712816,0.944364826839268,4.77800195716458
11302030259,20.562562397589,0.708671669541218,0.980615961287784,0.245148394596684,0.357764550493402,0.942006026602123,4.74434064201233
11302030267,22.5263493768858,0.743506669288673,0.976787748337739,0.389540915752237,0.519546903299029,0.954604450429679,4.26919131130349
11402030006,12.81069199539,0.60171354563016,0.484350522234787,3.01417938204228e-06,0.0237037193944405,0.950895509174163,4.99313384453432
11402030014,12.9015638732816,0.606706369419245,0.597983400717952,2.75064544155909e-05,0.0409532991228382,0.950894952868738,4.99459848222008
11402030022,11.8004506137417,0.576886247811051,0.627887951746923,1.19542863356959e-05,0.0291600287748284,0.94931302494675,4.99964326370012
11402030030,11.2296332285899,0.574454633134549,0.573048070218751,2.36013099718196e-06,0.0231252347032788,0.94525788255636,4.9990101854851
11402030038,11.1825082233796,0.619368197123851,0.327224778435704,6.7314967008544e-07,0.0209333396546329,0.943786119201977,4.93902633279243
11402030046,11.0679053305673,0.616319579605214,0.5036896715733,6.40694038426926e-06,0.0285091239529603,0.943478579486775,4.99847327557659
11402030054,25.7977855609369,0.503685566536493,0.349565042275909,0.00219246993801003,0.237491150036533,0.967456457086422,4.85606007315956
11402030062,23.9968861585873,0.495378643121321,0.40711783422752,0.0087754148228201,0.288309204484978,0.966775408381343,4.81372309441279
11402030070,26.194324326874,0.584521597069662,0.401336469641215,0.00312849815153941,0.28031433848503,0.966209652979149,4.98669683163226
11402030078,25.4340875852495,0.596942524210698,0.542805734650047,0.023440879601881,0.339392404453853,0.965606564659072,4.9872029156694
11402030086,22.1015125034091,0.591782591813303,0.521976322325833,0.00634771800039468,0.181291555745173,0.954396422302057,4.97786552484737
11402030094,19.1421722357692,0.658997942255394,0.882623894247179,0.0203621530393783,0.219984282712653,0.951095572142648,4.90277266103038
11402030102,19.6800235320922,0.74932380152066,0.647067091190453,0.0122346825993827,0.204751684012873,0.959844513560528,4.99938083119465
11402030110,20.9637843416208,0.785635602980676,0.353194929190312,0.00478455928270057,0.192725802109457,0.959607964387571,4.99125249960244
11402030118,19.6927999740662,0.784280055703584,0.545141241939787,0.0119740812412285,0.224120647646347,0.960344176090426,4.99897888852789
11402030126,18.3697419366059,0.866993343532408,0.649961777082477,0.0237273904714847,0.306870590154703,0.961113715816577,4.98457303661306
11402030134,17.803812825004,0.838420868877195,0.694965010720053,0.0149450703140696,0.237863930883665,0.960441036250959,4.69676293730683
11402030142,22.3948541511042,0.800933707641682,0.541763093352191,0.000996655957103364,0.1154258651648,0.962765526798912,3.32485888744228
11402030150,19.8562251917119,0.70557970138453,0.437182883829648,0.00231443756939249,0.132220488568857,0.959078321071372,4.99651577153415
11402030158,19.574457920798,0.717397415439681,0.596854224160385,0.0187890957200598,0.250537431388244,0.962235808552749,4.9944755063166
11402030166,19.6248962679996,0.770679818334025,0.532229466873178,0.0208828312408308,0.236980450767182,0.958855940414749,4.83611314916691
11402030174,18.168618412874,0.666230927143793,0.427986570899269,0.00137850312658532,0.142420866602052,0.966824762152357,4.87118526457933
11402030182,17.3376976406892,0.733615533443209,0.881771220248696,0.0280043324114805,0.260006577014291,0.954071784338524,4.22139000267896
11402030190,17.651877301393,0.760548907310622,0.504015884854588,0.0272377560530795,0.278455628086925,0.96867497997176,4.9716265168054
11402030198,17.8699118437577,0.757726870852539,0.427097480934664,0.0376108002546759,0.299869019222487,0.968778189876387,4.96236353418923
11402030206,19.6581207987949,0.778982135825669,0.555619965762385,0.0761132078509391,0.376939217126509,0.968378458103826,4.85358357023077
11402030214,20.5239871927516,0.790771095125277,0.505184626476158,0.0992179102806038,0.432106775515454,0.969163320439737,4.91082230812082
11402030222,18.1485793497794,0.710189768777512,0.517229542770315,0.000177794342783422,0.0824151230677166,0.957581242815408,4.9170999740279
11402030230,18.3338571162809,0.690363690084292,0.573298643071255,0.000229524190994151,0.117796317026562,0.95850869575556,4.63602166796874
11402030238,17.0645840058653,0.663411895188382,0.548676732875362,7.01498863144606e-05,0.0660300028810943,0.955329237901512,4.87714981912855
11402030246,16.9090548571636,0.706431753191577,0.494655576397763,9.55122633984127e-05,0.0739121084568675,0.956554993936914,4.90801363409093
11402030254,15.583909754136,0.695537567497712,0.537365740294062,1.27948140212878e-05,0.0459020845433849,0.954252036611841,4.89129489836376
11402030262,15.0859601728259,0.663318416704796,0.525464541800094,1.95704554691624e-05,0.0571575015785748,0.954979011798894,4.98255865373562
11402030270,13.1380935443,0.659522058628647,0.454207783434992,5.13159358977755e-05,0.0528427423954971,0.946444211063556,4.95826806091225
11402030278,13.4336386322808,0.627434669243098,0.372978283227576,0.000246255563109474,0.0534120454124263,0.945070041069961,4.97834502945742
11402030286,14.9642174974991,0.687341773112643,0.480363869714456,0.000315167382787144,0.0888113312766038,0.956869374486188,4.92300656179497
11402030294,14.7072990520426,0.693703904505537,0.405741763799093,0.000732207368580001,0.0990554667563338,0.954509563134696,4.99493870312939
11402030302,15.4917173493747,0.630974931600455,0.441340653447552,0.000615319299021469,0.10045385320043,0.953822959087748,4.99023802195708
11402030310,16.3103146017287,0.604396865477428,0.451970758183046,0.00122601105124021,0.125481345878116,0.954931072649235,4.78916729011015
11402030318,16.6742841925985,0.631904796847355,0.389890107756856,0.00321777270702796,0.130898855313518,0.949557910638329,4.91953654082906
11402030326,15.9199279690578,0.622796191544089,0.369365053121806,0.00296337607627153,0.118781611762606,0.949650888664439,4.96900372335755
11402030334,16.0902273404761,0.616338670432181,0.498635931238095,0.00685754037068121,0.138532132191354,0.94838104130488,4.86437416716536
11402030342,16.2499011245445,0.600014537213372,0.709865467041001,0.0090224007341516,0.138319118894271,0.94609808535047,4.76395213021439
11402030350,15.1725514376808,0.552138007719588,0.910614454757657,0.0171119569385865,0.172121328470037,0.947393228625054,4.72785748054453
11402030358,14.8592416472006,0.557539619497255,0.910374024753898,0.03407623013033,0.19558194648679,0.945797272764373,4.97211072752096
11402030366,16.02442785395,0.513047284577373,0.974610292620831,0.0529987425795576,0.232679892019592,0.94360505713467,4.95935329351899
11402030374,14.8467440137094,0.693766354360216,0.661114301540753,0.00142042200417268,0.0974175979725986,0.949051888995815,4.98690062036142
11402030382,13.643185656251,0.692098246414746,0.596782933894684,0.000524483424441372,0.0693959011726443,0.947047651540615,4.9893271362896
11402030390,14.0133370758828,0.721119772605119,0.741344266862102,0.0276844735004054,0.174575854418218,0.949202899693476,4.9132479783035
11402030398,17.9974589348891,0.731577028263949,0.404390766611809,9.12217468840143e-05,0.0688195904933881,0.959748084330165,4.99024359794471
11402030406,15.126700679656,0.739177632745387,0.61780476371815,0.00061934290934559,0.0824801172356177,0.960202225638996,4.98412817743248
11402030414,16.8314982687756,0.786700638143353,0.564121994969506,0.0117673200301331,0.201569573536933,0.961058305313911,4.71225423117833
11402030422,13.5398697320413,0.776261842467412,0.480740070669124,0.0344933928295395,0.200964255122144,0.959520529961617,4.86008363059405
11402030430,14.3875290640312,0.793438032441647,0.463545008282413,0.015480841253268,0.180101149668586,0.960557875244607,4.99160848627302
11402030438,14.9384887541668,0.838004381322584,0.500076451909108,0.0303278760480032,0.258728456225166,0.959870335308931,4.99844826033088
11402030446,15.7858531016965,0.852578200828431,0.53376406966675,0.0218651462406644,0.23801342807727,0.95768900125269,4.99713347826677
11402030454,16.2882883208526,0.855727018428683,0.56999832784927,0.0232725077016977,0.218226615361154,0.954113190918627,4.99765601191036
11402030462,16.2875694017787,0.781556542749414,0.516205252724603,0.00673473457696251,0.162351064794539,0.953290881031965,4.99632648113448
11402030470,15.9849532636435,0.722650480199051,0.523149432637462,0.00777877306759665,0.132242455231437,0.951715589164988,4.99756815960704
11402030478,14.7822466307694,0.727400002746308,0.493978266547402,0.0438459332324459,0.290329065867609,0.965934961544544,4.8135272479245
11402030486,15.1365770602407,0.737507081489767,0.498033802411191,0.0449770223307123,0.306176351634658,0.967865475298691,4.9083477720065
11402030494,15.2534273124694,0.767064899337688,0.591693707658958,0.0630947432671371,0.314907689938508,0.967402099828676,4.98940057975019
11402030502,14.8356352874986,0.811130222461909,0.549961371046458,0.0457873044771038,0.290246033345353,0.963407596198298,4.99860828049701
11402030510,14.5255850770166,0.834558197710536,0.501171830501147,0.0534361890024871,0.292935767529062,0.963471077768859,4.99996421467541
11402030518,14.3012203359358,0.825396845161609,0.500298072571345,0.0448960818674767,0.294626576096091,0.962625244536233,4.99987504869244
11402030526,15.3414423436944,0.870728705224326,0.459542970167365,0.0789952661015138,0.30823509240069,0.964057686628096,4.99978019881264
11402030534,16.7616032746111,0.876220834098825,0.479091250284703,0.0229671881683448,0.215767048465738,0.961922159262413,4.96804723133234
11402030542,16.8880676573063,0.850390205695161,0.543099368533968,0.0433350380058749,0.261875191502369,0.958290426513687,4.99831849224174
11402030550,12.4517692885614,0.724042577103046,0.58614612275749,0.00150670961056423,0.0943347432343096,0.9594612444506,4.97084300037043
11402030558,12.5420606267283,0.752002064776552,0.508541823112264,0.00202280112026288,0.106999847329559,0.95986386444445,4.1068567135169
11402030566,12.5555481110778,0.784087889969545,0.541155569823288,0.00439772377733151,0.107154249951076,0.961866073886347,4.16435349071959
11402030574,12.4816787276114,0.764878067723407,0.609190461992321,0.00274789572848414,0.100853525565872,0.958824609658679,4.47760392927408
11402030582,12.9924488751165,0.769747193199427,0.579797325115178,0.0023749536967451,0.106759934816594,0.959326587841103,3.27653894252181
11402030590,12.9397639480905,0.748380403886238,0.567688161063678,0.00510560917517566,0.13603997958864,0.958169607536569,3.0598264097986
11402030598,14.5493639542539,0.841061325307655,0.517146861951469,0.0348472172953773,0.256818204778161,0.961369127317197,2.82445123371337
11402030606,13.8107565135206,0.803467673737071,0.619163283882381,0.0156612913354202,0.178324054002946,0.960343753877332,2.78149874714676
11402030614,12.4747000769443,0.752427957931389,0.561969320191689,0.003654346746712,0.124668444475112,0.959796120996145,3.83658571813618
11402030622,13.5879426211523,0.82373631227184,0.674210328541115,0.0134721260812071,0.175026419662647,0.960198901851141,3.56506886423673
11402030630,14.3972418837751,0.836894631565116,0.616580508604978,0.014723798895336,0.206291106913762,0.959534956998841,3.58762798461172
11402030638,13.5023622489261,0.824514230004344,0.606364837416596,0.0158854686880971,0.193711583895441,0.957753901436893,4.9443525536922
11402030646,14.0836406593651,0.789182612869817,0.458892397116482,0.0126424406828886,0.162483026441952,0.953615907619632,4.98922313362983
11402030654,14.4133332530164,0.786405000087978,0.476284838289736,0.00597194352578979,0.14395412582757,0.951213415113404,4.99624333779315
11402030662,15.6981715123522,0.775858580624311,0.677657300484901,0.0165247652518792,0.206370574549132,0.952360576930072,4.97498803112833
11402030670,15.8632342542876,0.744811507190752,0.67755334425598,0.0181422837589292,0.198819874852089,0.947127824162774,4.9797958943081
11402030678,15.7114936510433,0.771870579553059,0.745554096126487,0.0154271946016205,0.178601567650149,0.947120536316842,4.92527714365789
11402030686,15.69426755905,0.710482161684484,0.875366448029229,0.017517145083833,0.167106706869127,0.945714462261198,4.9266337595611
11402030694,15.6654378778493,0.580554762776747,0.933066577779253,0.0212936703903151,0.169875027440173,0.945797350686753,4.91696924910784
11402030702,18.0504282939354,0.797061837756219,0.606657080217847,0.0217009974648853,0.20951276716413,0.962344451973772,4.96676859157981
11402030710,15.8930031535046,0.740827638239144,0.450292440397413,0.000508760275451485,0.0953935841904751,0.958949323636917,4.98442664568992
11402030718,16.2292812380152,0.763247396940447,0.374106406720412,0.0157823382758134,0.168919852880385,0.961589870082692,4.99945448362409
11402030726,16.7315306791517,0.762102800065722,0.369659027278447,0.0169607079060659,0.206361866076495,0.962455290662935,4.99571911941747
11402030734,15.8436231099258,0.779804059640926,0.462089816663469,0.0189573401709624,0.210093992565773,0.959236544623228,4.9805437565226
11402030742,15.8599528915761,0.740804720474944,0.407847852274521,0.0178891353891522,0.169498887142761,0.955850595910057,4.76425261021809
11402030750,15.6060023863053,0.745210726550789,0.377127054543316,0.0200586312142899,0.176000576683368,0.95456545591054,4.98546565499317
11402030758,15.2676719064094,0.710230734610712,0.39965617827165,0.00898792010242888,0.132360623153265,0.951849572783205,4.98417080128003
11402030766,14.8348497409076,0.665412306058339,0.54170550095963,0.00151656156282555,0.0898920791743667,0.947324019386596,4.4031957239405
11402030774,14.9692867188937,0.600607656084591,0.616437870841417,0.00500637518945853,0.0927544532236957,0.946080630530934,4.97237542317316
11402030782,20.1162261728724,0.604134325713508,0.592567036489505,0.0600375936319193,0.379585137171418,0.967284099366811,4.87198267317535
11402030790,18.5551174530374,0.643466010632204,0.478335494730349,0.0490050961200557,0.353811423655479,0.965678996234409,4.99930565984338
11402030798,17.9894430224487,0.645973916192147,0.460879996162495,0.0403420680218246,0.333348646053255,0.965352636060969,4.9997162900822
11402030806,18.0690261187493,0.703647218635672,0.394793156598032,0.04031436768536,0.322393339654879,0.965188472848573,4.99889452226575
11402030814,17.1739857259437,0.728904885861,0.452037519044704,0.0386616734955166,0.29253954127234,0.963766552908701,4.98334676181112
11402030822,17.5394611799351,0.745284375251258,0.469330559409543,0.0345865099845953,0.31171805023034,0.964445671878202,4.9321630302033
11402030830,16.7756220042448,0.74123039245492,0.509479278831831,0.0347872052537353,0.289242168300795,0.962814285797253,4.91316010105827
11402030838,17.2206285613275,0.755513647604558,0.535719533799637,0.0365111302841582,0.281926600553533,0.961967897790191,4.99191400173212
11402030846,17.3327894438694,0.750066890163044,0.524521395143995,0.0372753503637882,0.290989698736852,0.961371893054756,4.97478205172194
11402030854,17.6924619074424,0.744325006226321,0.560069174868085,0.0351793719867882,0.300538398465338,0.960368198199595,4.98812224246805
11402030862,18.2562653526637,0.762324723087899,0.454272212027439,0.0447079547119697,0.313098750585109,0.962817517801528,4.94938952967896
11402030870,17.4302276844,0.725081263657483,0.520250013358368,0.0350885988928994,0.262258459689812,0.961873765792385,4.99200704092263
11402030878,17.6296778312789,0.715796921251672,0.51202441563462,0.0359734222461743,0.282876794043797,0.963999299564664,4.98783120001969
11402030886,17.9862775754481,0.740261924941713,0.504350695682759,0.035653478574342,0.263516339733285,0.960732790100995,4.85473004878139
11402030894,16.8397163380631,0.742431181376755,0.456402049160185,0.0342660251077824,0.235774305412644,0.960453639218746,4.94004304896156
11402030902,16.6254515818515,0.743896598788926,0.39681519465442,0.0177774164623338,0.187373942398086,0.961076793203764,4.69894083951804
11402030910,16.5825112956133,0.724598679963506,0.375566139203818,0.022748149666647,0.197938581023992,0.957797972301561,4.8258798080221
11402030918,15.9465923189346,0.727138149497318,0.35554893310514,0.0107809525795388,0.162009303676237,0.954946714524856,4.82262833412532
11402030926,15.9731961597078,0.694258712555964,0.346104629393618,0.00447314497244009,0.122619489052305,0.951398163649312,4.62828419210265
11402030934,15.8193655769019,0.663650280627529,0.406638053759793,0.00314283346750787,0.119342748005165,0.950109947652889,4.93400126484956
11402030942,15.8609663097175,0.649413619874668,0.515906510577779,0.00376247094822401,0.113470945348918,0.949665435152158,4.89154821075772
11402030950,15.8027536677367,0.617419913558729,0.642059301213951,0.00794793190422274,0.14060559665016,0.949143185100176,4.86071506054515
11402030958,16.1368683963505,0.589318026948951,0.855647232358697,0.0155663714875488,0.173493316709516,0.949805432575533,4.93541190166621
11402030966,16.389854719814,0.604868389479279,0.955982062674092,0.0648350252731914,0.272721354558563,0.950132916092045,4.80679064745009
11402030974,19.2866512037058,0.509851508866442,0.970638766858858,0.149137452437414,0.329003717531546,0.94945763345634,4.96926185155382
11402030982,20.3400132930079,0.795995183961352,0.528048336415261,0.0016093910752059,0.172037033856317,0.955202077183086,4.84438178939633
11402030990,17.9870647834572,0.737141582566671,0.538251671913709,0.000402810217192881,0.0968778173933909,0.951634331323794,3.46000407245486
11402030998,17.7222299372011,0.669029396161262,0.618070811307432,0.00246861719430144,0.119633236228797,0.950376614830504,4.60587544963192
11402031006,16.9545690803491,0.687354067140583,0.608483870137865,0.000949762791062885,0.0846657036924475,0.949456211949906,3.8444803494931
11402031014,17.8212699702333,0.625793921786189,0.740356188906483,0.00148472795415315,0.101079972701042,0.949093086058812,4.74167275010993
11402031022,20.2331299787031,0.692923626728768,0.811248826475314,0.050561787501263,0.280669482658364,0.952678441433262,4.6293175960839
11402031030,22.2557256844119,0.642399496409328,0.877445118231681,0.210764498473201,0.415460546393265,0.955615829659446,4.80557768904225
11402031038,18.8750298164567,0.734620134345394,0.451800897117472,0.0483021507011716,0.316128239156216,0.96490629115352,4.99515723288037
11402031046,18.0526266851117,0.757712531126036,0.563132547072548,0.0214542008971775,0.235184830233885,0.964008828340441,4.99543510351444
11402031054,18.2435168020236,0.755623081033132,0.534124977789822,0.0223061053525863,0.244097841754181,0.962807052679527,4.9225628348062
11402031062,18.606927948877,0.743875883686876,0.539281218612029,0.0218721504459408,0.223808463849565,0.957605297751988,4.98833883383245
11402031070,17.7429847752415,0.723499619658285,0.420910027248773,0.00644407414437467,0.173279769150383,0.954067118373462,4.95262397880918
11402031078,17.0123583738037,0.670710092858447,0.476509497416853,0.00398290272324159,0.125136526954052,0.951141590491014,4.94353991081383
11402031086,17.4145688911122,0.614824983002483,0.66797257892914,0.00478805512049312,0.132974365023194,0.948272813365098,4.90644897946853
11402031094,16.4088619198456,0.608820956941316,0.778646118860219,0.0205730145354891,0.189515465016857,0.951020174150276,4.66049255298974
11402031102,19.2350466288726,0.619365036699044,0.946113003314008,0.133659967285174,0.3320482752327,0.952106404327183,4.80097164887571
11402031110,21.6371244861852,0.641800314583596,0.403865199285238,0.026809362018967,0.336782451843777,0.965640827509726,4.92180490209247
11402031118,19.6454224379756,0.692407143292626,0.498379469503513,0.0366261486526834,0.332790613810972,0.965513687438511,4.95237579523328
11402031126,19.9443972445314,0.716739620023816,0.519705482382306,0.0247262984215488,0.290605410514196,0.96353219512714,4.97684879975392
11402031134,19.2114786202333,0.70214214693497,0.481865643672157,0.0051609745062981,0.187152211666374,0.960610296738628,4.94509882998079
11402031142,18.4659626579744,0.739374401875216,0.460952744832193,0.0170431813624401,0.204583852759651,0.960333349537926,4.99877030768131
11402031150,18.0946550020767,0.725645478391126,0.348584187009469,0.0162012698707984,0.210306112171521,0.960081051243656,4.8505828994195
11402031158,18.1304375150631,0.685167414762311,0.416428099846472,0.00563202616505817,0.167694428801652,0.954599431894973,4.98068130122891
11402031166,17.0955601752837,0.669145116238516,0.44533320683087,0.00304173951189981,0.115664985167152,0.948217253195299,4.9410048771949
11402031174,16.8333149178893,0.576442952722835,0.765715314360328,0.00778986365900547,0.14100772904584,0.948547521156023,4.97277354362276
11402031182,17.0612911223512,0.671767081258317,0.913080544764408,0.0888758184945971,0.279685158416219,0.952778837549414,4.88582705816635
11402031190,19.1432742901245,0.590269675096087,0.948872792113909,0.133997968801797,0.322975325325669,0.951315714228199,4.87229309893888
