<?xml version="1.0" encoding="UTF-8"?>
<addOn>
  <identifier>4b7ff1d2-de75-458d-b9f3-b253402ccabd</identifier>
  <displayType>Collection</displayType>
  <translatedDisplayType>
    <en_US>Collection</en_US>
    <es_ES>Collection</es_ES>
    <es_MX>Collection</es_MX>
    <ja_JP>コレクション</ja_JP>
    <ko_KR>컬렉션</ko_KR>
    <zh_CN>集合</zh_CN>
  </translatedDisplayType>
  <name>matlabPyrTools</name>
  <author>Laboratory for Computational Vision, HHMI / NYU</author>
  <version>1.4.0.0</version>
  <downloadUrl>https://www.mathworks.com/matlabcentral/mlc-downloads/downloads/4b7ff1d2-de75-458d-b9f3-b253402ccabd/176d15a9-c388-55b0-0907-aa1e135d8b79/packages/zip?src=addons_ml_desktop_install&amp;profile_id=32239625&amp;license=621625&amp;release_family=R2021b</downloadUrl>
  <licenseUrl>https://addons.mathworks.com/registry/v1/4b7ff1d2-de75-458d-b9f3-b253402ccabd/1.4.0.0/-/license</licenseUrl>
  <previewImageUrl>https://www.mathworks.com/responsive_image/160/120/0/0/0/cache/matlabcentral/images/default_screenshot.jpg</previewImageUrl>
  <releaseNotesUrl>https://www.mathworks.com/add-ons/4b7ff1d2-de75-458d-b9f3-b253402ccabd/176d15a9-c388-55b0-0907-aa1e135d8b79/releaseNotes</releaseNotesUrl>
  <installationFolder>Collections</installationFolder>
</addOn>
