10106030003,10.2402549107314,0.703186782641304,0.198364349794843,1.04203938218653e-06,0.0305256132523427,0.93341480828272,4.99441058205435
10106030011,7.04499904447644,0.516428904404784,0.428701297720813,0.00107199818563119,0.0560170821747852,0.93228731028568,4.24858726154065
10106030019,5.93517824781524,0.56470803394042,0.67612982086231,0.00932775277709255,0.138110871968862,0.947964705033255,3.32805708237897
10106030027,6.30683126866803,0.59321318413937,0.642145169418678,0.010664133974272,0.146849170620233,0.951127289975826,2.79157367241182
10106030035,6.29413513036918,0.578651964295508,0.680857725303007,0.00725017181101687,0.128634324477697,0.948741649304895,2.81509372937535
10106030043,6.30131960251153,0.582115557454976,0.740089731943648,0.00919649704468709,0.138891482443585,0.947460840832855,2.82252782892837
10106030051,6.38486779814543,0.574973481604893,0.685760292805194,0.00974776265370712,0.128021529309659,0.946459972982569,3.18653963538793
10106030059,6.6789850409012,0.577105136105286,0.681949158523871,0.00604906750846186,0.120264625518312,0.946053110302436,3.38112512835724
10106030067,6.74209674577329,0.576035428815459,0.739402169801287,0.0113897408373589,0.134441437858416,0.944146360711248,3.01479629856084
10106030075,6.73900239757065,0.521022265474055,0.875341243996118,0.013134401746668,0.118550330227459,0.942744536452654,3.03041050206298
10106030083,7.050480467,0.516930182624299,0.909328983251146,0.0209088247290296,0.1311826991422,0.938207823172672,2.46081255501981
10106030091,7.54975632975614,0.507909096041578,0.940506342807618,0.021736202330541,0.11378365343141,0.933800978865116,2.96915239207721
10106030099,8.60606243379929,0.482393258034832,0.829026180042521,0.074869170304087,0.168984516973558,0.930412733923024,2.38510201793922
10106030107,8.49200318075891,0.463538791942597,0.75412865762528,0.0856586516472984,0.16469171699455,0.929299164588521,2.38669374506228
10106030115,8.69011654295283,0.479454936627537,0.795614616647354,0.0879471280086621,0.185564830656717,0.929399028778325,2.7133282037389
10106030123,8.65535478907081,0.464374705872596,0.80498532343981,0.0938600771595178,0.177071137125728,0.930274811431099,2.69729750263319
10106030131,8.79102082537196,0.487258039131591,0.849040636368753,0.0903332937717994,0.179588960423664,0.93205338535051,2.83245919653185
10106030139,8.49008173789246,0.487742445845496,0.820929944987479,0.0748673540834314,0.1634103063181,0.933761520788098,3.02687016373294
10106030147,9.60120202227298,0.553301676213309,0.870609811525462,0.132573246541432,0.242250160321336,0.939547856964588,2.97965696676151
10106030155,7.00883888742663,0.618843215274617,0.529404163616379,0.00362820802016074,0.0865717610412817,0.941578977418015,3.26333953356792
10106030163,7.22991765304323,0.622579352564478,0.48045669316353,0.00322344179290125,0.0906934230103728,0.944835114486415,3.69210342279464
10106030171,7.02256331987426,0.585298728371578,0.445363702766116,0.003037333286376,0.083786764609438,0.938565694111647,2.90125503680234
10106030179,7.04567875485024,0.572150589152901,0.455932145493213,0.00614188191463649,0.0832244273543702,0.939925560739808,2.21390112419274
10106030187,6.9804178382953,0.566396407941217,0.41225207571265,0.00321860678145812,0.0760073791553141,0.939174419197683,2.80843014994506
10106030195,7.49592527781023,0.572945450446137,0.597668038049658,0.00999535003315016,0.104885595014793,0.938113978609861,2.73473761200572
10106030203,7.47985330077706,0.547275921355797,0.548627451452057,0.00695234580437462,0.0869640809081552,0.936098771918179,2.63443293384511
10106030211,7.62131631019844,0.560126992155584,0.588933101830221,0.0043248849802964,0.0844155013829277,0.932540822102132,3.10352462609226
10106030219,7.61411861936289,0.549664962111218,0.584020919143924,0.00992630387512602,0.0874178210952589,0.933020870813318,3.00715736628939
10106030227,8.10057574426081,0.557063805448144,0.616098896341806,0.0040692725697415,0.077959957128154,0.929482284505194,2.41817939685741
10106030235,9.06905055875891,0.603294529519877,0.72644105335854,0.00563041408359951,0.0884994440103027,0.930063938466619,2.61571989228758
10106030243,8.06875136021936,0.51596880326643,0.556483035841424,0.00855182816524274,0.0777193594414669,0.930470452809596,2.28873424097756
10106030251,8.95963921939265,0.556426696551584,0.688634787446382,0.00855993483876341,0.0878742395174176,0.930471408906891,2.78953609963363
10106030259,8.19272470803203,0.475508643239121,0.676427344252863,0.0285231641915041,0.0962167435149837,0.927350634866334,2.15694844797633
10106030267,8.2359051147681,0.454347256386331,0.695975341617434,0.0480008992447355,0.113256776907599,0.929272868596306,2.10524799901854
10106030275,8.22003435600054,0.440796441552468,0.732833415882098,0.0594983241128572,0.127570987063711,0.930426598898398,2.1785842000445
10106030283,8.82873641820724,0.467801879644387,0.71326300048418,0.073500682988056,0.152618455227419,0.929004171732343,2.57643296664734
10106030291,9.06123323529608,0.461186796637603,0.670370139274941,0.0941170376823775,0.172021391819435,0.930970262429997,2.63788851868602
10106030299,7.5902834089564,0.697399725868835,0.615981962698116,0.00360864529133224,0.139121439067883,0.95300185494315,0.923542823368997
10106030307,8.07224850233006,0.721165706972373,0.692354690566214,0.00191399423141671,0.122532410008296,0.953569438479048,2.71618026752557
10106030315,8.01600126936628,0.68131191908603,0.741802865894196,0.00539287464395546,0.126238817134759,0.951706650275827,4.08705354574878
10106030323,8.27550849519116,0.733217542737384,0.673509127461125,0.0039341859470923,0.135704442141287,0.953967946963445,1.69706890871001
10106030331,9.84874860180804,0.773024992353247,0.719243988633531,0.0113784262144972,0.173197761160623,0.953566586757128,4.35965668460181
10106030339,8.57791025507677,0.71757757704948,0.684862594319931,0.00271132486479599,0.104479227761727,0.949819720800422,2.3142395749401
10106030347,9.20989539155946,0.764374182211475,0.574913801264755,0.00232690975802108,0.129069049476254,0.949066236550872,4.16154700054943
10106030355,7.86396275899006,0.720296372248886,0.527296258303632,0.000518161863963955,0.0753391771922623,0.946497408464715,3.10954809388645
10106030363,7.79766595684594,0.696924195972699,0.562298884908761,0.000253749903925942,0.0720809690299884,0.945195517299768,1.95815023125956
10106030371,7.06917818999543,0.579417158387469,0.595713192964038,0.00215872108677854,0.0711018717309559,0.935877731690833,3.41960430375869
10106030379,7.77375006855289,0.61820337162355,0.35076407273188,0.000316693007699768,0.0599158275741438,0.937444076305145,3.08957422180388
10106030387,7.35464972414056,0.570109243307216,0.503583402974939,0.00153554833754801,0.0647456275892677,0.937479840739871,4.19972483378388
10106030395,7.07409245692444,0.554463159643668,0.65755688492797,0.00150833279725479,0.0680388305514745,0.937431178069536,3.35590326371271
10106030403,7.21635773409957,0.536814941226019,0.75977135832237,0.00270337317256572,0.0701086619547585,0.93258447068724,2.13927571420457
10106030411,7.57974616633197,0.532356305160263,0.799124825098377,0.0025817923766267,0.0670338323933833,0.935417749349018,4.29246267395498
10106030419,6.91896062544694,0.495480782278617,0.824304301263523,0.00382974694583692,0.0664710949994004,0.935077027931272,2.99556216390827
10106030427,7.53851305804811,0.509587103110821,0.908879738600433,0.00736073145764248,0.0785584508198457,0.937228332461267,3.53477793830003
10106030435,7.1613003682612,0.466929791056167,0.887334045743922,0.00642126820282132,0.0715649786862258,0.932569982564037,2.29881647306069
10106030443,6.52054147998366,0.440731165062008,0.751533858605188,0.0112240794754364,0.0732451821071398,0.933530428514801,2.2831013493576
10106030451,6.50600490377841,0.422240801887928,0.788203261955319,0.0113550771895449,0.0768661580481969,0.935619083237533,2.40318028190211
10106030459,6.74951084819001,0.39720342698496,0.757343323161108,0.0232829463108956,0.0956580912124936,0.934282802556758,2.23334062057085
10106030467,7.03918089403727,0.410227514092125,0.829720650294787,0.0472893160194958,0.136015778428086,0.937123689195127,2.32868959161513
10106030475,7.7849219237123,0.479182634316968,0.882589257629393,0.0410867444535615,0.130408172373618,0.935757458352592,3.07788112588404
10106030483,7.78931084988038,0.481753293622633,0.897384644065217,0.0398548559264959,0.132672683135239,0.933012089705591,3.08470612163837
10106030491,7.93389237747002,0.493590043403985,0.874154159408597,0.0385861198400124,0.129136788012344,0.93329106654441,3.29977511591223
10106030499,7.80514419543654,0.47518835678841,0.903144710506471,0.0338645895160919,0.120044209615447,0.932349117035791,2.96205152383016
10106030507,7.95458077391305,0.479837132481463,0.935114883166226,0.0431053768025095,0.134053292615905,0.930281577224757,3.0609885053344
10106030515,8.01489989770087,0.477202047753949,0.809806611513369,0.0312284654336793,0.12443951634509,0.936664138832394,3.56167384620221
10106030523,8.32307525236445,0.485292596538475,0.925866540394346,0.050098173171194,0.149926309171613,0.936532177347651,3.27296273716768
10106030531,7.5779951945613,0.446001460130195,0.877664001192565,0.0275602606949814,0.114827226777523,0.935747701880454,3.00387517976889
10206030001,7.45277053067369,0.579163697349882,0.743065941936973,0.0103347531149714,0.114072733534894,0.93937814536127,1.11558663587594
10206030009,7.43529133144812,0.536280284809962,0.821306145981804,0.0183950239859801,0.121219228125754,0.941275916132665,1.22494218650441
10206030017,7.64719267047306,0.538445123780004,0.925389667804798,0.0310255691799022,0.141744500680684,0.940634828416624,1.1951719412055
10206030025,6.49622250745617,0.744313423897313,0.742096270218516,0.000105473737130156,0.111052899744359,0.956475129244658,3.14854586521498
10206030033,7.98965045786019,0.808398175855798,0.759160771599947,0.000133163629854805,0.101680018591209,0.956643264795663,4.98071022222457
10206030041,8.74071136093092,0.723148637090776,0.560416304227908,2.42422438509189e-07,0.0695496541429893,0.956013651244181,4.99722737941892
10206030049,9.13867078843914,0.794240052651515,0.563408751901769,9.76729445055279e-07,0.0705170300075827,0.958153137785219,4.99023017097036
10206030057,7.51150116355584,0.767565254320308,0.549809783983037,5.90852027777283e-05,0.0749894029506139,0.954580963651381,4.93693751642218
10206030065,8.59736865687006,0.787957630035033,0.614081763714592,1.81485645558519e-06,0.0625196539125624,0.949981062238708,4.99668820230605
10406030008,5.98215011650611,0.569094639958735,0.680312955861048,0.00197898678446339,0.0872468214261679,0.940569102403716,3.52465499631508
10406030016,5.72422116797512,0.465656247556917,0.801277753744075,0.0086579903270137,0.0800554208508965,0.945463435608236,2.04036556841444
10506030008,4.9463137593158,0.439007869875619,0.521024060923112,0.130042341899319,0.272697972301702,0.952201812636802,2.10506273517994
10506030016,5.22388921707332,0.50949088796347,0.556109934722281,0.132243211358056,0.297302635051891,0.952257580518056,1.32461684266314
10506030024,6.59525953594521,0.576602457504629,0.609717263369789,0.0119059550593593,0.121879313800096,0.942649902727887,2.64280623932355
10506030032,5.76049868934751,0.427783683573089,0.839657743970285,0.0406568035747961,0.134252025911398,0.939289588274689,2.21449708611318
10506030040,6.11349917132682,0.406337852483122,0.643117647720857,0.15998932011347,0.247884179330101,0.942505568687394,1.77065308383688
10506030048,6.64930668014103,0.408291374229588,0.846355984134883,0.137331949902,0.22212427509965,0.945030750781787,2.53805113045206
10506030056,6.96737196766193,0.450278424073236,0.777618854458105,0.080917895000921,0.171125916129254,0.938639980305702,3.30097550656188
10506030064,5.21669032712741,0.701353077436113,0.612427862417712,0.000241874675972384,0.186843890070215,0.969770103485254,4.99939194809457
10506030072,4.98418143901969,0.67032993669027,0.649427615302224,0.000544232452807787,0.189580534507613,0.967118356654531,4.95817736765064
10506030080,4.28678937618488,0.618550368496071,0.624761247995945,0.0137293103979329,0.340298100666367,0.970673489118849,4.967832353399
10506030088,4.29997294498998,0.617790920989648,0.621962470747541,0.00115451594469713,0.224141743483218,0.960906066164078,4.72931584606829
10506030096,4.6602242374582,0.63759965615495,0.629933236465059,0.000638342154143818,0.176568106650759,0.966059103732824,4.95507986691921
10506030104,4.45759670481308,0.616942381934339,0.748151437141304,0.00979661788711394,0.327329525619653,0.966852147249015,4.68548302952606
10506030112,4.26514527038227,0.569618716356505,0.592606344216331,0.0329920658911713,0.34149858811785,0.960202002171752,3.58690710507231
10506030120,4.09273046233617,0.541456308330395,0.580934458484029,0.0139964215249098,0.283445264659248,0.957640074133586,2.71008827748302
10506030128,4.03688512519575,0.516069667237596,0.563697314213839,0.0635984034243297,0.342104067308773,0.961790517447195,3.02857113318281
10506030136,4.19248722841004,0.494056048089511,0.558372185621354,0.125540615341336,0.3693909959036,0.962082959761744,1.88480700626261
10506030144,4.45849912824457,0.490617699589973,0.380826039386923,0.143453255769223,0.36279180861827,0.963698330348368,1.37257223598329
10506030152,4.74579069616655,0.497833942975774,0.356823369123306,0.176294832492907,0.373841068198845,0.961545227220837,0.771344346261785
10506030160,4.40003703110701,0.455451162172631,0.455109427511365,0.188544850105609,0.358714849738473,0.957400403141466,1.35952990815614
10506030168,4.70230732266146,0.468981981258381,0.488580568796147,0.17945703790401,0.346068165284511,0.953735867624771,1.42102213013074
10506030176,4.50931142869842,0.451825803750792,0.505237794254472,0.187254081397147,0.335144835076192,0.9519358002484,1.39932822254611
10506030184,4.52121868253039,0.430177763531258,0.464737083738965,0.12029348240597,0.294832208572758,0.948685250405403,1.17239250406825
10506030192,4.60733238324493,0.423190473866768,0.389866802705027,0.163976088176978,0.321132974212859,0.948862029275634,1.02434981121494
10506030200,5.00385795968772,0.384069206983675,0.420862696858806,0.170701306128268,0.315232832266224,0.948608531709106,0.900957375692627
10506030208,5.73533979783495,0.380108275633615,0.430887248795449,0.286281767602781,0.360000745411916,0.949025581071652,0.939544922473404
10506030216,5.99735821286997,0.387157099673572,0.40775209229566,0.31644250037521,0.381015959844102,0.948858854144854,1.06242976383524
10506030224,6.78244675972075,0.379027802404805,0.560152953322287,0.332764267652508,0.38667166997179,0.951344229619744,1.06247938331168
10506030232,4.40892483812857,0.541048997162603,0.565886968586525,0.0723912616068666,0.356343446579801,0.960053342323038,2.6303296899332
10506030240,4.96150886902065,0.593158523594884,0.645783170879623,0.00479795605564438,0.185096867712369,0.958481191328206,2.17740509928112
10506030248,6.00480342755691,0.671203352740009,0.525966052988148,1.75082077562367e-05,0.0660707234152428,0.951451552028048,4.16228938875422
10506030256,8.13156048701495,0.72214742197403,0.467062609622062,6.38516818413805e-06,0.0447824528418956,0.945483821184825,4.99972130596493
10506030264,9.79756998983598,0.666291977264067,0.509864672250709,2.75576014674044e-05,0.0472912360348339,0.947009541752671,4.99998397203491
10506030272,10.1679681354757,0.560376481460614,0.577126644309227,7.2106478732651e-08,0.0260245468926448,0.947561862035922,4.99993312703476
10506030280,4.72169852674771,0.554061105181205,0.706590154526555,0.0383786568112126,0.224348084185855,0.960546009545566,2.03596313145232
10506030288,5.32224980349416,0.589289501276963,0.686101431800593,0.0135300448422813,0.171150591738822,0.956058711501193,1.83201282499754
10506030296,5.22356684643804,0.558042110748786,0.740647849714669,0.0359676087393762,0.207761470204789,0.957736982920828,1.39007317166521
10506030304,5.28082429662342,0.521783659354171,0.785108812837773,0.039457658598214,0.191117022063095,0.950999148226184,1.11044041364783
10506030312,5.62681600479732,0.558632633064266,0.715977004363231,0.0275238026164543,0.157355333580099,0.950214479914195,1.23757540942338
10506030320,5.59124435276423,0.544886566448594,0.797229073967916,0.0601904743656912,0.197136418216194,0.950347814001381,1.17550754478206
10506030328,5.51971774861094,0.50482341787769,0.773647608771026,0.0702051278616617,0.19934018872517,0.946259899742607,1.23789999633252
10506030336,5.77352220439517,0.509962131852282,0.855472569155924,0.116866154859274,0.24540610944764,0.946913321847443,1.48805733999101
10506030344,5.54529197069874,0.46576073178899,0.895805634868881,0.0956373490848024,0.206012963100747,0.945742317696858,1.42890272111459
10506030352,5.41702143038601,0.432659084724057,0.764415788843838,0.123478138508885,0.230482075373919,0.945335010120649,1.54600553677972
10506030360,5.6494021699895,0.459878746987403,0.806561188388269,0.217042496673972,0.31948582022256,0.946972542999661,1.57346858740995
10506030368,3.57243494670334,0.49220807649943,0.437512572204691,0.0316657083562489,0.288791596008741,0.964115468180994,2.0709963389926
10606030004,5.39428379969893,0.454593220861412,0.833418413342524,0.0419200774764524,0.165728031854652,0.94073423590994,2.28619690211631
10606030012,6.08165516068391,0.407508259361711,0.802917929422854,0.043355288466384,0.134898568408265,0.935563460031902,2.43818348264569
10606030020,6.21887787058654,0.422626088482306,0.817442140422268,0.0883902405060252,0.188685668920493,0.939205604335571,1.90802125260936
10606030028,6.36665940762516,0.439746157797005,0.82782596397068,0.129136191191333,0.236655184098904,0.940874232362483,2.05574102010272
10606030036,6.84299772909717,0.375781715151179,0.790726802141218,0.248835384655411,0.308627387025296,0.940700822856251,1.7533417701516
10606030044,6.15573761063384,0.477254026585956,0.781795156315064,0.114625964109474,0.259673895640976,0.944865548718709,1.94292609105151
10706030008,4.52210264254331,0.565305206738271,0.336720783080425,0.00931893507254248,0.229774747437951,0.961447367154354,4.73615225799291
10706030016,4.21744845263511,0.550866849406879,0.448239191860248,0.0302915128311457,0.266888839478726,0.960406367393297,2.8947540732312
10706030024,4.44773088769474,0.530208922397599,0.470876221206938,0.0213505075423089,0.253700868596881,0.958999585505608,2.62091668682614
10706030032,5.42655764983211,0.405750495423864,0.542069267316015,0.147980662697879,0.259718578398827,0.953001167641403,1.1157317701796
10706030040,5.42177541073032,0.403936339112411,0.678470925536478,0.056737178464898,0.158547608146452,0.949475872393274,1.99074045462761
10706030048,5.7288177518295,0.406506278893411,0.831168403553553,0.0383016318408918,0.141108985377084,0.943976198772774,2.34968633452315
10706030056,4.87533806905356,0.553639288083019,0.584736792265939,0.0762618369131878,0.34960987237788,0.959482484014914,1.14690623918908
10706030064,5.1966312837243,0.515457453431528,0.513707078249757,0.0845690923909139,0.310235017562681,0.955442500614929,0.969371856495979
10706030072,5.27740361480454,0.541244707727267,0.603828811257432,0.0693083366227391,0.301457379640727,0.954184128663902,0.858380709083696
10706030080,5.61264861543055,0.512467793995349,0.654666438475415,0.0946476599266252,0.286759218373231,0.950300257538872,1.34546189120723
10706030088,5.81680220451378,0.487345151795596,0.683295733729806,0.0860594590436414,0.269574658205814,0.948678145110211,1.38430169980576
10706030096,6.16231801537339,0.45168603964973,0.681712575901618,0.153238368187726,0.303514871667456,0.948385423649305,1.22160195160552
10706030104,6.14736414674773,0.432176093479375,0.674354897186134,0.0949530528854032,0.233737677588266,0.944949490004258,1.38990602042461
10706030112,5.56676738742147,0.714235130033226,0.475886861267835,0.00123613193133405,0.176949317228687,0.96639809184387,4.9988432526608
10706030120,5.6387998183842,0.725094759241657,0.639819268353256,0.00109439098688388,0.181371481761664,0.964350695204442,4.99790947934939
10706030128,5.50341723659272,0.723894123850673,0.614186298727989,0.000705685998615256,0.153424460755031,0.965170997935812,4.99274902376447
10706030136,5.17693721710413,0.710583700692721,0.626573796774477,0.000639253585222314,0.176532970499034,0.967944644048896,4.9989685218778
10706030144,5.29198744175735,0.68582187146011,0.728376596355283,0.000139215969537143,0.127132981284891,0.96051219619295,4.9956914953812
10706030152,5.138627835389,0.661078351284691,0.585195209784694,0.000344513573177187,0.131166563985642,0.960537874041803,4.96720151003079
10706030160,4.95934445748953,0.652503624614881,0.682646356594024,0.00103912184813495,0.155468262978322,0.960096066965372,4.13227578681507
10706030168,5.15472518303361,0.633261748452388,0.76098634501899,0.000748148385171636,0.149784505803321,0.960594835289619,4.9149131820523
10706030176,5.15348956174003,0.636458943065044,0.719965238104055,0.000229617999352203,0.124062681147049,0.959668963935321,4.62987181374339
10706030184,4.95361710677465,0.606202532305357,0.698268308151879,0.000485690402326678,0.148148276931329,0.95694554377435,4.9140131138492
10706030192,4.76408488450525,0.583802450308855,0.656442689593826,0.00123623266323188,0.16149724961282,0.959581229705507,4.29676975366093
10706030200,4.39913883484756,0.500523700119629,0.479788414219764,0.0237720423216342,0.249809320564895,0.961636355315397,1.98379355366538
10706030208,4.48042862095879,0.520262310331257,0.681075225072483,0.0147266133234704,0.209160325493741,0.955035893681466,2.08553248861134
10706030216,4.54778334413942,0.48256101950943,0.57260134501335,0.0199252762079846,0.196257762900714,0.951471616101815,1.61592375766611
10706030224,4.64651244622888,0.468588754008427,0.630438346563653,0.0363035662505696,0.210791535365657,0.951970424746006,2.0936496626192
10706030232,4.57415892288017,0.416570494397111,0.753427422086331,0.0534476604150706,0.192807742973519,0.944120857344169,2.13922565273612
10706030240,4.84468555602538,0.416116171583978,0.641531787036661,0.0492581563759504,0.199788639385186,0.943939999547565,1.9275324212629
10706030248,6.10948665474501,0.468424116575786,0.410683741626556,0.260647824709644,0.490621025677917,0.962600829507189,0.898128825778819
10706030256,5.82204069091097,0.432260874681021,0.435678552310288,0.136263935012678,0.373309379893907,0.952542140192449,0.718144641281492
10706030264,5.91614766112077,0.393527560017951,0.410943942177717,0.119131553091219,0.310184930935745,0.947416995510944,0.72021090833658
10706030272,5.12395306233532,0.42389552388638,0.54719590704211,0.0477515403560166,0.254782585511855,0.94746234588413,0.972572453827504
10706030280,4.83795081274849,0.437214332748252,0.663883788765941,0.03596702146443,0.202361748496158,0.948323721252329,1.17350534656175
10706030288,5.3242161582314,0.383382939869377,0.547475285493162,0.0221090752113029,0.140203451376327,0.943866173653581,1.59767979743762
10706030296,5.36611848359893,0.618366586270317,0.754426658815097,0.00737443017317798,0.168217924118511,0.955697358008632,2.33642016900731
10706030304,5.69323175354304,0.565849449051615,0.634420967896422,0.00802254305989637,0.14635092798225,0.952626868497348,1.83980700593635
10706030312,5.87583084031713,0.60943494695085,0.765875557787454,0.0134871463180682,0.186632727772304,0.952611650194728,2.16414426187044
10706030320,5.99692108978304,0.570472103607126,0.728516326506006,0.00869890878314411,0.160866174820968,0.952402507008515,2.01275510549611
10706030328,6.33935560592584,0.594707934650247,0.81136143711387,0.0173318253598516,0.192860522405665,0.950241532114372,0.989293818272551
10706030336,6.41638776349042,0.601148637580864,0.622584830240238,0.0250933349210218,0.198648971046173,0.950912911025257,1.04871728083159
10706030344,6.36080674717491,0.609099065702551,0.651861204586453,0.0242875412825025,0.20151309393865,0.949394190676782,1.28150426045773
10706030352,6.79818737448685,0.574738003573466,0.709910640113516,0.0289645459722395,0.18518209614882,0.94536312038678,1.07523809838515
10706030360,6.95352420857308,0.607964282505406,0.817794664367476,0.0410984910313129,0.194871156776907,0.947551266289105,0.943953706844044
10706030368,7.14339780225537,0.568041559401609,0.779646383643611,0.0285516655798939,0.164916938484408,0.943513623193718,1.23965104431935
10706030376,7.28341964388199,0.623203811873518,0.921472470392786,0.0204199298019197,0.154585632441255,0.941582145180252,1.78671826666414
10706030384,7.70875608019923,0.542527127263174,0.884488319733606,0.0244036998384125,0.119066768797105,0.937625215799001,1.72336286273385
10806030006,7.54183182933901,0.720443046266068,0.341018445911278,8.6117468429662e-06,0.0638427883501192,0.943156556930601,4.74914491089519
10806030014,7.62009222460974,0.70817356615288,0.29728282633388,8.48118501949631e-06,0.0580068260571938,0.940890077815219,4.87557817215131
10806030022,8.06390388512085,0.710188845809894,0.14865415378185,1.74084331987771e-07,0.0368424825324828,0.937137462100033,4.99452803542251
10806030030,7.04551771999858,0.67691384335885,0.213903323982565,2.32101240016061e-06,0.0474778375301142,0.937121026194375,4.04708216244685
10806030038,6.43627048261642,0.645388791941789,0.267903469113537,0.000137793810527639,0.0671461894478281,0.93875062318129,3.27875070570778
10806030046,6.0883685220135,0.628294039713232,0.393839583850544,0.000140304837603866,0.069810644187825,0.937953118775108,4.47808420042523
10806030054,6.3431401030967,0.590878265206193,0.388220144613161,0.00083226182475145,0.0651787327948779,0.933566741786412,4.20326962125038
10806030062,6.54590136814882,0.531098151245384,0.559781257733058,0.00305766483475268,0.0707150275212786,0.928708365609756,3.14036544586553
10806030070,5.98427179780592,0.444801332396476,0.715753730805271,0.00583561542663515,0.0584143501171979,0.926645747384866,2.5366684087854
10806030078,7.89073519461073,0.425011148290144,0.850263049003706,0.103791474068162,0.163636708715973,0.931258658288437,2.12081338540239
10806030086,8.80074666316316,0.42429460690642,0.807162366066315,0.162110124073066,0.225180477109868,0.936482358675959,2.25113173754727
11006030002,5.453715909477,0.53242761893878,0.667049276184807,0.0024484326003655,0.0890883829449832,0.944375429409535,3.32928352222792
11006030010,6.32878630406233,0.472701946757336,0.831954359445292,0.0229302996253708,0.121813838807534,0.939119662238506,1.67608906127757
11006030018,8.64056992016494,0.620199928927679,0.477042178321076,6.01002836994349e-05,0.0456417777653935,0.932047594090266,4.48713901734453
11006030026,7.53683887026899,0.594770979235094,0.566680373692236,0.00010142646861594,0.0427824375061028,0.93288040227811,3.94751392679858
11006030034,7.33363238877133,0.554782073531171,0.569241889194112,0.000484537332832745,0.04905642560627,0.931120935611781,4.13530942468114
11006030042,7.75231548729299,0.54700838029141,0.608282536506629,0.000206884396432607,0.0427281923008439,0.928395746961874,4.50494052059063
11006030050,7.24808624473883,0.581783136824992,0.375507444965653,0.000118648062896386,0.0373844863902213,0.932856000630457,3.43300734297629
11006030058,7.78750200371084,0.580693074101041,0.330588696533799,0.000194332776284676,0.0384665296691414,0.929895535263407,3.80767529218876
11006030066,7.83272597502777,0.596607904742496,0.381643128767484,0.000991707154975349,0.0575663515237857,0.930330556319421,4.02857294808463
11006030074,7.23332035495237,0.509736152272209,0.723535215710298,0.00480532770053815,0.0653843179526027,0.926456672447306,3.05563283829931
11006030082,7.59075148551322,0.490122508957271,0.642915400649377,0.00957948398502148,0.0708553942181338,0.927010334003048,2.86167188172884
11006030090,7.92401314702395,0.485121274283693,0.533003710955594,0.0251063386293716,0.0957085914068512,0.927399510495494,2.1380442923048
11006030098,8.28888264206907,0.545091331359126,0.575336645285889,0.00941703413439334,0.0808890489802519,0.925637984380783,2.73761276401982
11006030106,8.60061861411801,0.525491799471609,0.577792185459322,0.012832615972499,0.0853015864185758,0.92228318815948,3.27307709621893
11006030114,7.91025143363545,0.498813891546972,0.687086332898051,0.00966598949474945,0.074248986724203,0.926433137407811,3.40273705497446
11006030122,8.58681021978631,0.491909226647552,0.774203301371649,0.0200325187001446,0.0874359297161504,0.924167643580625,3.01425849309089
11006030130,9.55964180800604,0.532438929895902,0.742568245250462,0.0670305353655428,0.148474417926199,0.930200002928206,2.06708766075077
11006030138,7.11763081469731,0.52824501248559,0.593532848854236,0.00206139648279599,0.0687845153077512,0.928299514852403,3.19026838570638
11006030146,6.45217527701775,0.713879666961375,0.511023354850204,1.20494368599472e-05,0.0773210025469937,0.953710313121017,4.99898835910991
11006030154,6.65791150225482,0.678204813837194,0.560410452143952,1.3526437419081e-07,0.0580373261865324,0.95034936479946,4.99999840446064
11006030162,5.45344350761417,0.594935516840921,0.509496893985994,1.25200366505762e-07,0.0427526857506089,0.946908896360525,4.96155175801932
11006030170,5.26332177023744,0.593997678238847,0.413308489971708,1.68666164904274e-05,0.0572653843436242,0.94919877531421,2.31721929271115
11006030178,5.75033048316438,0.598906074350202,0.42505355723795,0.000191315102027971,0.0733033514187354,0.947741076407588,2.9563160801596
11006030186,5.81926831706065,0.572864522558229,0.424840490394734,8.85152286955636e-05,0.0555508083612902,0.938961733639825,4.92178920570454
11006030194,6.59508132275825,0.582331204597942,0.37633908054822,2.57461396951212e-05,0.0423943418010045,0.941460301117513,4.78585413275467
11006030202,6.82086432224856,0.578924831178287,0.338041612392495,5.65773628407879e-05,0.0379286591438127,0.932976005640267,4.32346801576381
11006030210,6.37730658064146,0.564524827154089,0.266176483114396,0.000170253826952241,0.0458703056758985,0.937882138326854,4.20050971311958
11006030218,5.92723216199121,0.715174469703612,0.4945686123949,1.43475437435412e-05,0.0983812725276973,0.960731814255955,4.63882387283748
11006030226,5.98209808009545,0.697388156579086,0.565592872449639,4.8880806119692e-05,0.0949954946132374,0.952528005729448,3.44068695362331
11006030234,5.9899653920592,0.701977568357308,0.534123419476805,2.82815037364031e-05,0.0892057542320291,0.961234455713824,4.97623497045926
11006030242,5.40483827058332,0.628012654696683,0.665513793048268,0.000100895568623497,0.0882282060894839,0.956500481944391,4.05631560101617
11006030250,5.55457877189798,0.602467446698677,0.732807967859801,0.000955335927713976,0.104622742203808,0.949257767363023,4.16238741351719
11006030258,5.62869374190224,0.571928733396506,0.768280153644254,0.00609422812351832,0.123339061950775,0.947991024725517,3.80503403551632
11006030266,5.40901832612575,0.503717039452028,0.887907650545646,0.00825281516831832,0.114594003871294,0.946556249761025,3.19567534376268
11006030274,5.29267563290998,0.479830915303553,0.810414777777188,0.00891221954730727,0.115612784573218,0.947375680754247,1.98123811842824
11006030282,5.56152583033243,0.470972372685091,0.852622756317985,0.0184354973982375,0.127217406472268,0.944903109223238,1.52094890308121
11006030290,5.68381301200605,0.476700673318931,0.891561991786532,0.0189636105274326,0.129019690686118,0.944869341479374,2.38134529605574
11006030298,5.84698891850331,0.457838629668373,0.885073823161234,0.0264220012020336,0.131048523252505,0.942477046962978,1.30795746874255
11006030306,6.10409198481001,0.459550799222136,0.785815780308381,0.0290372083305221,0.132169708904112,0.944452666529426,2.43306690646705
11006030314,6.72325451821907,0.530760488579869,0.941531818067504,0.112698217993372,0.257321565008201,0.945313347260212,2.9446877317124
11206030008,7.07923962491886,0.476987649625036,0.656770977913295,0.0433470843642216,0.159704978864682,0.946633215211368,0.970750740552088
11206030016,7.1875516238154,0.468456966181138,0.675888050833319,0.0523531148282746,0.166547531773604,0.943893683581155,0.856255386618632
11206030024,7.73329008424388,0.443376327254415,0.705184972885151,0.0730332588918633,0.169820907281131,0.945284037349331,0.946028505188832
11206030032,6.04579470167836,0.529423727752675,0.74142844105465,0.0687885544559192,0.189130683723355,0.9499267998553,2.76210729617588
11206030040,6.52535902571589,0.568569466034197,0.81650897159624,0.144646904615593,0.305701147678182,0.944320005934049,2.01689895043418
11306030005,6.72805838759161,0.639654943615323,0.339767540000118,1.85778188035817e-09,0.0380180284456058,0.946273898809596,4.9999977539239
11306030013,5.82648168993465,0.671214761373826,0.571083034042169,2.99034580860613e-05,0.0828185124116094,0.961667383160868,4.92585631102195
11306030021,6.32668828562245,0.707441162911343,0.371872351282614,0.000106505325347638,0.0862573971367848,0.958211909355051,4.42991771803252
11306030029,6.8216197225664,0.696968070998509,0.462251896514452,3.62989533280298e-05,0.0709304653232281,0.955531720740294,4.9949988692232
11306030037,8.12968953998563,0.701700547602375,0.469063329755864,2.23293456124159e-07,0.034773126839982,0.949628803583561,4.9999958167739
11306030045,7.2155345182183,0.608169785476534,0.310951543330745,5.70769461948455e-05,0.0507447865275146,0.936313942841021,4.34671032454198
11306030053,6.28038151808783,0.572053410591056,0.409972716794916,0.000280044481141585,0.0593303813013367,0.938908534699113,4.70823144872072
11306030061,6.53817849428785,0.597295731958004,0.415863791213524,0.000160513457703751,0.0504668886785294,0.93834271935841,4.40564354411594
11306030069,7.02084217649177,0.587226813861982,0.466393363660019,0.00106327688879786,0.0607232732928801,0.938462401734108,4.75435077952275
11306030077,7.57000005448512,0.58510211118798,0.566061985801621,0.0027323598759246,0.0727910430942831,0.93216669629631,4.65747430994914
11306030085,7.30693954784473,0.550761191295694,0.651885934575573,0.00187510587095639,0.0613341621712058,0.928230633269824,4.54908984071709
11306030093,7.59344343331326,0.571335298596261,0.662393173399601,0.00663869497719256,0.0963275574492924,0.929769387579506,4.73947684373935
11306030101,7.57351746824255,0.533222915600865,0.692235732040507,0.0107802112336037,0.0996347361148941,0.929746482305459,4.4633246795771
11306030109,7.78308643396788,0.527743329044494,0.933912061993276,0.0598978753674903,0.174959611206353,0.931790672557408,3.52467229756103
11306030117,5.4771505316648,0.594985816422581,0.615133863884157,0.048335998265352,0.248021424448368,0.960082772578905,0.955974180207651
11306030125,6.62307249246825,0.568125420155529,0.672187578870685,0.0810034027708773,0.246166414979689,0.955480046418827,0.915312048415104
11306030133,7.18587793459173,0.563289204156781,0.737560849875906,0.0658084886748043,0.217464867216716,0.952873248544324,0.894399187471572
11306030141,7.07646118332739,0.535573950911024,0.777539750193993,0.0744172156015342,0.217261749599578,0.950836674852639,0.978288539529959
11306030149,7.96040559629921,0.491312443673856,0.81091276116153,0.0681965747036134,0.195660533041787,0.949368270814976,0.918896477957393
11306030157,8.63388733721489,0.453109272930076,0.819308495160279,0.0981484247474243,0.214409671988329,0.947448767731644,1.01360469066051
11306030165,8.61662257977886,0.399168064829487,0.858955042243869,0.0871701618587196,0.184042181326441,0.943409545013383,1.36219678222866
11306030173,4.04076200320222,0.583131448274179,0.509164339115583,0.00177106665475142,0.198965686101478,0.966202153406661,1.61713159158327
11306030181,4.33852027615777,0.597249003578052,0.515774086585363,0.00255677036595427,0.200195330159216,0.968524871344159,1.41201021534849
11306030189,4.42840712358912,0.609623217155741,0.551806433721243,0.00275598843707618,0.208596917467458,0.96623544022619,2.03150000149594
11306030197,5.02023590460237,0.626420465934098,0.57408257815169,0.00674493545265895,0.220621281803359,0.963969683734985,0.959379338370526
11306030205,4.92492429655922,0.638878593249104,0.784343623775844,0.0133722884135044,0.228841889165807,0.964781670554892,1.18424344340509
11306030213,4.7712264072091,0.588611234635328,0.46869492112949,0.0326751729745697,0.232876078812682,0.958616972014254,2.06773689464296
11306030221,5.675164983325,0.547608445054167,0.671036175971187,0.0374244086471835,0.187012841005322,0.953741944839163,1.43700316486777
11306030229,5.88940312576619,0.501291399133457,0.86306703085311,0.0580318899859862,0.185533476820404,0.947415913306628,1.15015996934176
11306030237,6.24789894775944,0.480144705863023,0.808933082058095,0.0737861640763776,0.191192627361676,0.936668256489741,1.89760431293699
11306030245,6.74854448247765,0.523625696266451,0.868497781856768,0.117770695491828,0.248412980192745,0.940253839955477,2.57929936688064
11306030253,7.07226009208544,0.499418435182487,0.648985115831933,0.103564573752643,0.212759770215582,0.943241283274127,1.73176104678544
11306030261,6.77080532615675,0.504744947124992,0.869544925485042,0.15058398839902,0.251984922913225,0.946397420266925,2.24627374969235
11306030269,6.23489145357792,0.564645755412421,0.825895220994958,0.153779536930019,0.308401865324684,0.953620992244154,2.16785559412268
11406030008,9.55161332590872,0.776201907651674,0.669707965652321,0.00015015490589416,0.0751200846779031,0.945558182214863,4.9216615387536
11406030016,9.24930920663238,0.765303858081288,0.660743716010621,1.22594710192084e-05,0.0579450565766891,0.944387831328261,4.99863320544183
11406030024,8.61346550802244,0.722143787264585,0.55000493863389,3.44172468021838e-05,0.0523930199397273,0.942705199001335,4.99202012898635
11406030032,8.00510559781301,0.71355472006397,0.637992195688252,5.1920011959656e-06,0.0432592402407616,0.942091791829269,4.95531526803669
11406030040,7.26791685849367,0.67080309937857,0.804581036602108,0.0183593804644935,0.130663822646606,0.947840089908702,4.8634089937665
11406030048,6.76238275702032,0.571745571001027,0.731797952097176,0.00286161941188359,0.074021771839104,0.939952677360538,4.20238387358139
11406030056,4.75675947619814,0.498231639861862,0.449765692171854,0.0442623035915221,0.326966825484365,0.962660335778236,0.802086936244843
11406030064,4.92778300524832,0.492686796245259,0.422598582700862,0.0541851031103797,0.280842795004362,0.95763998988135,0.913991281582621
11406030072,5.16356981760242,0.527720452681675,0.390752798667168,0.0870594598224204,0.334172520033508,0.960468671948353,1.12298844726024
11406030080,5.31865828231371,0.50979509882622,0.491631984070358,0.049149434914234,0.302162581133467,0.956286571327868,0.799372052672856
11406030088,5.29332335674761,0.410837168160293,0.544451060623292,0.0493396671987981,0.169500249843899,0.950393888373835,0.838241692440195
11406030096,5.67963509492251,0.439775365361486,0.917609867644729,0.00341137899400551,0.0804443937784347,0.94329826560066,1.97753886786825
11406030104,4.80761500478995,0.649585434467035,0.555617357602696,0.00187727392961799,0.165595848399387,0.962729666686063,4.73164728062073
11406030112,4.81683819900626,0.656464802443395,0.458464403111515,0.000553648381254783,0.130658067691151,0.962139333342005,4.9928950153181
11406030120,5.37254000559857,0.691548740040868,0.602337909302526,0.000253069825666122,0.114843996112364,0.95854566354595,4.99162422636942
11406030128,6.22585896189675,0.721383580170005,0.793852002885985,0.000115502821110107,0.106308358749188,0.959156140396126,4.99983461575953
11406030136,5.38177953557931,0.693035508012665,0.710901887477567,0.0017157618010355,0.160035310398137,0.961483724387317,4.99094591937867
11406030144,4.44307435985276,0.631334239808249,0.661856405032771,0.00344298931842623,0.202936506585801,0.961503978540748,3.25329911469977
11406030152,5.03564859068047,0.655006629761218,0.666050204942029,0.0011125901416944,0.151491736358622,0.956074596558287,3.87806932207046
11406030160,5.15677989132859,0.641886122140805,0.617452174340316,0.00210755455467796,0.164389769996105,0.955317350944738,1.85388671265511
11406030168,5.08237532185648,0.612408505770271,0.792524651750807,0.00717496381997868,0.162650291371148,0.956812965365349,1.2662912835431
11406030176,5.07128835971188,0.594232241955385,0.654985674330937,0.00714873286176474,0.200059372569162,0.961511916639321,1.44359904473212
11406030184,4.64607157822355,0.645550340755548,0.569949122018788,0.000975553632989759,0.157603195822865,0.96000782678663,3.8418277318949
11406030192,4.81712028815431,0.614682321264163,0.39937723617008,0.0148858796142323,0.199408967546623,0.960881775205012,2.16191708177762
11406030200,5.14633976203672,0.670583352816954,0.679499989416484,0.00236769319642903,0.131905208133751,0.960321056042792,4.1316727272216
11406030208,5.46521536540171,0.67120400061692,0.695678955133323,0.000942352381710834,0.126507626359033,0.959069354827204,4.55395136697326
11406030216,5.44307457958925,0.686422947024335,0.679388547318975,0.00242851802639199,0.160673696802352,0.959685015947868,4.94836744732764
11406030224,5.44819612923226,0.681684194988352,0.661824260458639,0.000233238094693592,0.118040361062236,0.957877622314185,4.8196209891721
11406030232,5.24785254752683,0.679327156734671,0.708084438134371,0.00190740161094573,0.158675878945462,0.955339399368204,4.77765039967689
11406030240,5.18289714327246,0.678381041060612,0.748641401752928,0.00186491600045487,0.156313643444962,0.957506263991668,4.72439540403274
11406030248,5.39955007095326,0.671377045408858,0.618211603653312,0.000889213635544232,0.114792677739778,0.953373289403004,3.47961484374509
11406030256,6.02516016312657,0.682331753904069,0.81717093451284,0.000233688433551331,0.0918961982662286,0.952466818502537,4.99813855430329
11406030264,5.97864903214972,0.53121836034409,0.734228224254046,0.000932305065903326,0.05737442195642,0.939383160456596,4.7030382253416
11406030272,5.37251144762648,0.54460075732117,0.588521600878991,0.00154165826506283,0.0753955457358019,0.944523630880196,3.65775251908089
11406030280,5.84394688323581,0.568875816609709,0.600641006861093,0.000596083793643827,0.0722521746035448,0.943420738406588,3.51471937801235
11406030288,5.65684442686467,0.633399884213921,0.732994846392543,0.000294500943953436,0.0953610005629715,0.9519293991069,4.64379187138078
11406030296,5.71932836439772,0.631841110737641,0.749030181093072,0.000888483557837051,0.108763857494001,0.953814901530907,3.48878107690714
11406030304,5.22192199808786,0.538255753403548,0.800882280763241,0.00230243100367187,0.113469197446435,0.951228592918515,1.95852045480427
11406030312,5.57109083086995,0.532900147156098,0.883486425416786,0.00916207072462571,0.145278452532333,0.94901790334044,0.750468445346202
11406030320,5.4466213180903,0.518553314758564,0.846009457467552,0.00625444073222879,0.116725416812905,0.947107482795147,1.3258410001773
11406030328,5.63272408885806,0.524713293767712,0.92477084444836,0.0157510975486397,0.138155302653295,0.946601848230123,1.33877898346539
11406030336,5.83538900437894,0.574694371156413,0.894952319748521,0.0241609200491604,0.152046801722991,0.948088659679989,1.41637501488995
11406030344,5.89761355932741,0.519561178185878,0.910970460710222,0.0262637095054251,0.139790664131596,0.946074424149822,1.66958067243685
11406030352,6.01547829674106,0.49223414869068,0.810776749705796,0.00459343716870985,0.107864578595574,0.940961389282725,2.64743884777325
11406030360,6.83315924460962,0.583128045526019,0.939252521508894,0.0026120454772495,0.0992853196414252,0.941531988334925,4.51335258964768
11406030368,7.00016629792001,0.639949150863579,0.95881588629298,0.0039302328299685,0.129762756008211,0.943451538164736,4.8906297134075
11406030376,6.03802832864987,0.611505252562952,0.680523655001915,0.00112857145818802,0.0815263235935672,0.944188249825864,4.59858366178579
11406030384,6.37663522523037,0.5906438496933,0.761060016982469,0.000813268794586265,0.0726929258730111,0.944589547216522,4.88137819039445
11406030392,7.46089190175199,0.773447796935956,0.762713276513289,0.00067148090405988,0.115330438908972,0.956347505595173,4.89384881461957
11406030400,5.63264796141017,0.68774803149676,0.617870498971595,0.000835982808918296,0.111294059905691,0.956317708582964,4.99473783279375
11406030408,7.42292277525234,0.759332589323763,0.653110876582778,0.000407646220323606,0.0893393813074418,0.94933657074252,4.98848604821201
11406030416,6.81341968628189,0.745679579694883,0.677971520579442,5.92830139882198e-05,0.0592401304003278,0.951611162905167,4.99563062986008
11406030424,6.32138710569381,0.66609329308908,0.449137824476353,0.000236928691411784,0.0825766155093299,0.95013812584556,2.32840244263921
11406030432,6.38934549273215,0.639863536373482,0.415454733872967,0.000657787508971705,0.0931021062755411,0.949275877599252,3.18526501947893
11406030440,7.15198302128377,0.740893708871942,0.439984822539025,0.000317245891230158,0.0866180549212951,0.948116764049939,4.32747820818338
11406030448,7.93047263114875,0.749043093062105,0.46996184427652,0.000514323317327769,0.0931084147250832,0.950129046588224,1.84343227471369
11406030456,8.27705215027583,0.719464753572513,0.473611542529263,0.000812819478241254,0.0802954449211117,0.941719917004263,2.21074423785589
11406030464,8.50479476025025,0.734081029358407,0.622789877718639,0.000349902387192422,0.0643515106731101,0.9432314636192,2.15469854006997
11406030472,9.67891626995595,0.66187674362607,0.768426931619952,0.000543435442177069,0.0782248266241134,0.941098401610255,4.94146955319468
11406030480,6.15632513887135,0.61159732119814,0.50437552292138,0.00327055098522653,0.153522475347295,0.956592861734563,1.41996032519903
11406030488,6.01281389304579,0.660448430098531,0.637538584774088,0.0015372943980791,0.130261205661588,0.958815447836195,1.75842060125731
11406030496,5.81398480713103,0.665388052237395,0.528448529157954,0.000492532336976142,0.11024283032583,0.955669229682904,1.45886098089797
11406030504,6.23506766987842,0.679983486051399,0.553476090681286,0.000557027631561269,0.117161454685932,0.957709668736188,2.80017051941315
11406030512,6.9679546864569,0.663224233340756,0.619076858400688,0.00248827157837418,0.125910069114028,0.954526847865285,3.61277877486489
11406030520,7.07733450098654,0.714240113311646,0.65822589954344,0.000609264159279416,0.105895180619549,0.958017689721136,4.26393357166409
11406030528,7.53321270320164,0.766460807483261,0.378621559448453,6.09479285264921e-05,0.0849341639763447,0.958338210739078,4.87901665757634
11406030536,7.59396221217472,0.722957493696738,0.500558545382779,0.000169538549738286,0.0785815624100611,0.948475833681714,2.32795142930988
11406030544,7.35057985219899,0.721670926212143,0.300126133611078,0.000179775036063186,0.069754597812187,0.950616107305564,1.8444404841419
11406030552,5.72254858641774,0.618326205168935,0.604393029734758,0.000242427314223965,0.0833295601209931,0.952347042308282,1.33507442041033
11406030560,5.84368507711315,0.616169052631006,0.519963410390624,3.93779065319361e-05,0.0640253989000613,0.952109199491858,1.33941045376827
11406030568,5.86633499091478,0.641201570654897,0.547919411939214,0.000323933176427157,0.0919906749372579,0.955212070842071,1.82038831295537
11406030576,5.70349150999968,0.611956240129928,0.451532212722102,0.000278182437791084,0.0863698540034223,0.951737002724111,0.888576993795383
11406030584,6.0810309537891,0.68882364586903,0.607269421455993,0.000253168557054243,0.0955893329242123,0.956624023137371,1.69863258374407
11406030592,6.34856743645295,0.685680791178873,0.628014946807722,6.63304842568254e-05,0.0876513407904958,0.957731557135487,1.45655373474609
11406030600,6.27518551395079,0.673949409706837,0.620595347386896,0.000172243207782085,0.0734502429425751,0.954254927080602,1.2796657472265
11406030608,6.43712030876591,0.648400178150876,0.594268347169888,0.000541772820441216,0.0933721013515765,0.952240501802212,1.62980630995575
11406030616,6.59508265661569,0.697663395944348,0.670282081097672,0.000138135553026159,0.07114296586498,0.954850402603793,1.54349434081855
11406030624,6.50192422315893,0.677854756484918,0.523745006957888,0.000134227718288264,0.0714383360791545,0.953355042046726,1.36679251949654
11406030632,6.59895383421368,0.698201441031656,0.53845536264156,0.000197238548299991,0.0847745488349953,0.951251012809153,3.37689307060212
11406030640,7.24792077364332,0.7058785534481,0.469875863571409,0.0005639231277365,0.072858653726698,0.949068547315176,2.66871304189423
11406030648,6.25843560290621,0.629287340393483,0.430232626017787,0.000373312402700374,0.0692163283056597,0.947083479086282,4.3194656102005
11406030656,7.19869597821939,0.671233381391967,0.450971477874694,7.09547556370683e-05,0.0677293411879601,0.945464405739938,4.6615147433687
11406030664,6.86168280024938,0.654411114060665,0.526028039226144,0.000266764393565134,0.0685741979973161,0.941965281621207,2.91036663527884
11406030672,7.33222939469553,0.627719812638902,0.538174192625311,0.000383987951838328,0.063897809603501,0.937683651070226,1.74812066414988
11406030680,7.94822284506998,0.6426296512444,0.40250190330954,6.68524752983352e-05,0.0409263707099609,0.937200347558764,1.61165513697682
11406030688,7.78287290168572,0.615448918574902,0.460654986129074,0.00126407784999404,0.0849162104686372,0.936842304533642,1.87307553270277
11406030696,7.6748403647566,0.587138167988968,0.549953640114206,0.000640305126314314,0.0834462080935761,0.936159145882091,3.30731651519925
11406030704,5.32538790408223,0.650211914733305,0.69806160999004,0.00106402833233717,0.110383667868806,0.955865505205176,3.03077569216393
11406030712,6.45810415340394,0.674971487060932,0.678058635735202,0.000553547465187225,0.0877988367864099,0.953905629164548,2.50995527339887
11406030720,5.78233831816129,0.688892651145052,0.500184584771067,0.000294206543154943,0.0908956696117865,0.953962633611819,4.98448890024366
11406030728,5.71101700218916,0.678549014622816,0.495127512781143,0.000361314568797322,0.0822993944797994,0.953795263480155,4.7157496465421
11406030736,6.4364796389672,0.667684611501224,0.522633739821542,0.000161871142262695,0.0758146548811765,0.950796910536339,3.48029460752225
11406030744,6.77380731298525,0.688223342054848,0.684548030703114,0.000247815856225566,0.0678023107716151,0.947203516245372,4.89732531688192
11406030752,6.4709651430808,0.676614765395753,0.683433615631447,0.000378992596377618,0.0836549819126818,0.94876289376795,3.48817598653067
11406030760,6.82642835010793,0.61657384837888,0.637443781367747,0.000604490619672808,0.0593639409055914,0.943193264386413,2.34151994411148
11406030768,7.45140910873806,0.618551061654095,0.712328208408567,0.000357447463873778,0.067754922083484,0.940739663772115,3.58311370674628
11406030776,6.68116969710738,0.580343605291848,0.61641596402389,0.00047189207216298,0.0682257128777547,0.944349920949957,2.28656382505592
11406030784,5.23327046969398,0.594291389668202,0.654856972720052,0.0231366976820318,0.263988391036249,0.962776249663535,1.41202949509388
11406030792,5.14666973214029,0.604999991560443,0.41951539781153,0.0163920513756426,0.237112378441899,0.964463555937821,1.19831938749353
11406030800,4.97363501815112,0.598441388621325,0.527728344490121,0.0100658944276667,0.204577482387725,0.961098546725158,1.42642083641874
11406030808,5.0825433144431,0.612745218333682,0.638318747690124,0.00662778896804119,0.172684102769505,0.960784857655155,2.46731092392132
11406030816,5.09939187764466,0.615070371952078,0.591151792880542,0.00226158472302815,0.135007453140761,0.960536768825533,2.36979931109904
11406030824,5.05495706003451,0.605924072966564,0.725167107226599,0.00556747016457176,0.168630232423356,0.957691943049408,1.25895298779606
11406030832,4.90584213888259,0.605748975905936,0.705248451401859,0.000159649067503702,0.0835683363136764,0.955277401095422,1.60829317234598
11406030840,4.98047929395554,0.570894751728902,0.631148326397738,0.00189171966645524,0.116343728328594,0.954556741027268,1.64366583561164
11406030848,5.0813722794388,0.560058150646851,0.67982803073011,0.0042726444932484,0.144248335898816,0.956926103032649,1.05669824534308
11406030856,5.21995760104687,0.590126065802574,0.576091481081684,0.00101736845967086,0.13475448938535,0.954721096496333,1.82779371941366
11406030864,5.24439556746653,0.583297822774941,0.697014115328575,0.00306801106692728,0.148286329939193,0.955635952528005,1.94396092341599
11406030872,5.25174361410661,0.573694763286752,0.701413236840269,0.00271940306860078,0.135298634579482,0.957538957612335,1.26359509761031
11406030880,5.66712935912505,0.586788505153814,0.675514071746327,0.00275618952255034,0.136260433571612,0.957748509379397,1.56628198868456
11406030888,5.36760277798398,0.607151894878228,0.714221368682924,0.000842995436646461,0.106616629279782,0.95661020164939,1.6509932105923
11406030896,5.39060827000849,0.592693525454332,0.766297569238326,0.000833672318077454,0.109607980635653,0.950777421991316,1.60918900720602
11406030904,5.61445576720903,0.611801960208474,0.694019744702929,0.000931538399541229,0.105189279077023,0.951552218264488,1.82268740880051
11406030912,5.61304870867459,0.590395791428993,0.676686586715722,0.000776766540104128,0.102361347587315,0.953388595691175,2.07177419884604
11406030920,5.6427096501943,0.584422031581403,0.579153347694319,0.000553162575425135,0.0823546984161626,0.951931995741135,1.85212083228128
11406030928,5.95647863677711,0.683748049241298,0.831209444008828,0.000388379328646516,0.093562184160849,0.952506464134319,3.27540369914358
11406030936,5.87244455835574,0.67939485176574,0.844882851864719,0.00149798487128125,0.109039754110885,0.9525728040753,4.33286810979813
11406030944,6.02150205319141,0.619084874069417,0.933320808157411,0.00040836215592382,0.0852308683317805,0.952105738051385,3.65831154644117
11406030952,6.49122022712898,0.689378569790488,0.958944073476131,0.000236732128379743,0.0859220585146859,0.949286365482275,4.36045482229208
11406030960,6.86232927529497,0.677766584170397,0.979650301007694,0.000153057163821801,0.0864250197990819,0.948230751038081,4.9790344804947
11406030968,7.13015250673685,0.655611025562157,0.98664306304658,0.00027295158932966,0.098701118927652,0.948005651941547,4.99304358273392
11406030976,7.15639679696734,0.681983672088039,0.995712079590339,0.000350983856832666,0.1002580361721,0.949142382929522,4.99800640688058
11406030984,4.10768400311741,0.490158448944895,0.694982007127375,0.0109581991701982,0.174141044529903,0.956418725508159,2.85994409171231
11406030992,4.2838480841122,0.506241530583093,0.810803878099798,0.00407700422390489,0.154711983350271,0.954796063794856,4.22712319945184
11406031000,4.26347295063215,0.48650439554357,0.853113560669125,0.00735988135839669,0.141231322680661,0.95236040339262,2.40593235151108
11406031008,4.55891438712073,0.498911001055367,0.888193431305424,0.0146646966849673,0.156149840177065,0.949558507503574,3.76116783963862
11406031016,4.73323574757404,0.471373387556231,0.875313207096218,0.0186020902383131,0.146043282500505,0.946297180779189,2.04795833454405
11406031024,5.04341380281503,0.43875337171736,0.832803916918701,0.0393466277291204,0.159491414466694,0.94941375991938,1.47580947442214
11406031032,6.21296425061523,0.633863596113847,0.933976768264039,0.041536957309365,0.244242060204828,0.951195499641894,2.56496914364631
11406031040,4.51015889810887,0.604307422293211,0.550654991958374,0.00912830812049653,0.192807833009197,0.960262482424661,2.31606896065893
11406031048,4.35713437420886,0.577578103225266,0.558390926559879,0.004083680836878,0.164032972582103,0.958893907003367,1.68313508603367
11406031056,4.64172598432236,0.591497650912172,0.583389538600072,0.0078783423563139,0.168563889645135,0.957717083838382,1.88487621705198
11406031064,4.77407918570227,0.607892275438316,0.626596306042309,0.00391349027760946,0.141425286604237,0.957805963614367,3.02819675847604
11406031072,5.13571859612379,0.564066129285252,0.699988207531286,0.0037305698534249,0.11246230932507,0.952525785713794,1.37947338524017
11406031080,5.38692233870542,0.628549399612784,0.823007441712599,0.00193642640011771,0.106918200023715,0.952158542174152,3.21923372500613
11406031088,5.56307987646013,0.565146609620225,0.886166422010905,0.00424274401896614,0.105943550176176,0.95002313936748,1.58065640438777
11406031096,6.10056234531766,0.599149668964638,0.973096870441324,0.00372841373177757,0.10952280253888,0.948044567474734,3.389956849058
11406031104,6.44506986944383,0.619681066743572,0.989101943201661,0.00333483213688577,0.120629218885908,0.94567226599894,4.27153696264071
11406031112,4.1684791133391,0.542813874134568,0.527084347306466,0.0255442833223706,0.254889648319708,0.961223850914976,1.48533730419041
11406031120,4.08258938455112,0.549002582394481,0.483793397839485,0.00582767400667518,0.186316547553542,0.958200544742496,1.92295000693847
11406031128,4.24880692498382,0.6099515259534,0.569637752742615,0.0133013531449058,0.206342717283613,0.957969095676443,2.78842177405425
11406031136,4.73280014709602,0.59678369813965,0.661084351044997,0.00855309266033892,0.178252775198656,0.957805599178053,2.38272143348029
11406031144,4.58873369105585,0.573987047456279,0.652334869712534,0.0047614940976227,0.145174686211897,0.956699646711241,1.40269422821559
11406031152,5.06123782088705,0.598928563175212,0.756157032373151,0.000639858584926466,0.121683312055175,0.954240736064371,2.32443203999111
11406031160,5.09524476764959,0.602313045424699,0.784900685139364,0.00286838731499908,0.131991362887906,0.952610219280594,1.43511789403437
11406031168,5.75079453771412,0.619082213348237,0.909424012327652,0.00132163187100748,0.104853089227813,0.952064713132587,3.01449422229338
11406031176,5.97882998548526,0.584856549474351,0.95966067116255,0.000597739172737866,0.0842080107869446,0.948300443906188,3.27419152953304
11406031184,6.5401427288428,0.61448048529506,0.984146115236098,0.00077971847043932,0.0888251728608065,0.947267869109737,3.89962918602641
11406031192,6.72350951122759,0.648908889730811,0.987596925055029,0.00216452599843756,0.111152878864595,0.946653246013508,4.42890653160063
