<?xml version="1.0" encoding="UTF-8"?>
<addOn>
  <identifier>e58b658c-4a80-11e4-9553-005056977bd0</identifier>
  <displayType>Collection</displayType>
  <translatedDisplayType>
    <en_US>Collection</en_US>
    <es_ES>Collection</es_ES>
    <es_MX>Collection</es_MX>
    <ja_JP>コレクション</ja_JP>
    <ko_KR>컬렉션</ko_KR>
    <zh_CN>集合</zh_CN>
  </translatedDisplayType>
  <name>Fast Bilateral Filter</name>
  <author>Kunal Chaudhury</author>
  <version>2.3.0.1</version>
  <downloadUrl>https://www.mathworks.com/matlabcentral/mlc-downloads/downloads/e58b658c-4a80-11e4-9553-005056977bd0/09c14524-b2e6-4851-a970-fdf2d3fc6f75/packages/zip?src=addons_ml_desktop_install&amp;profile_id=32239625&amp;license=621625&amp;release_family=R2021b</downloadUrl>
  <licenseUrl>https://addons.mathworks.com/registry/v1/e58b658c-4a80-11e4-9553-005056977bd0/2.3.0.1/-/license</licenseUrl>
  <previewImageUrl>https://www.mathworks.com/responsive_image/160/120/0/0/0/cache/matlabcentral/mlc-downloads/downloads/e58b658c-4a80-11e4-9553-005056977bd0/09c14524-b2e6-4851-a970-fdf2d3fc6f75/images/screenshot.png</previewImageUrl>
  <releaseNotesUrl>https://www.mathworks.com/add-ons/e58b658c-4a80-11e4-9553-005056977bd0/09c14524-b2e6-4851-a970-fdf2d3fc6f75/releaseNotes</releaseNotesUrl>
  <installationFolder>Collections</installationFolder>
</addOn>
